date,product_id,units_sold,unit_price,current_stock,lead_time_days
2024-09-18,A-101 Rice 5kg,136,420,2262,7
2024-09-19,A-101 Rice 5kg,108,420,2262,7
2024-09-20,A-101 Rice 5kg,82,420,2262,7
2024-09-21,A-101 Rice 5kg,82,420,2262,7
2024-09-22,A-101 Rice 5kg,113,420,2262,7
2024-09-23,A-101 Rice 5kg,130,420,2262,7
2024-09-24,A-101 Rice 5kg,156,420,2262,7
2024-09-25,A-101 Rice 5kg,157,420,2262,7
2024-09-26,A-101 Rice 5kg,98,420,2262,7
2024-09-27,A-101 Rice 5kg,185,420,2262,7
2024-09-28,A-101 Rice 5kg,229,420,2262,7
2024-09-29,A-101 Rice 5kg,294,420,2262,7
2024-09-30,A-101 Rice 5kg,149,420,2262,7
2024-10-01,A-101 Rice 5kg,137,420,2262,7
2024-10-02,A-101 Rice 5kg,134,420,2262,7
2024-10-03,A-101 Rice 5kg,112,420,2262,7
2024-10-04,A-101 Rice 5kg,70,420,2262,7
2024-10-05,A-101 Rice 5kg,86,420,2262,7
2024-10-06,A-101 Rice 5kg,91,420,2262,7
2024-10-07,A-101 Rice 5kg,124,420,2262,7
2024-10-08,A-101 Rice 5kg,119,420,2262,7
2024-10-09,A-101 Rice 5kg,130,420,2262,7
2024-10-10,A-101 Rice 5kg,87,420,2262,7
2024-10-11,A-101 Rice 5kg,86,420,2262,7
2024-10-12,A-101 Rice 5kg,92,420,2262,7
2024-10-13,A-101 Rice 5kg,115,420,2262,7
2024-10-14,A-101 Rice 5kg,101,420,2262,7
2024-10-15,A-101 Rice 5kg,142,420,2262,7
2024-10-16,A-101 Rice 5kg,132,420,2262,7
2024-10-17,A-101 Rice 5kg,104,420,2262,7
2024-10-18,A-101 Rice 5kg,68,420,2262,7
2024-10-19,A-101 Rice 5kg,136,420,2262,7
2024-10-20,A-101 Rice 5kg,166,420,2262,7
2024-10-21,A-101 Rice 5kg,209,420,2262,7
2024-10-22,A-101 Rice 5kg,273,420,2262,7
2024-10-23,A-101 Rice 5kg,191,420,2262,7
2024-10-24,A-101 Rice 5kg,162,420,2262,7
2024-10-25,A-101 Rice 5kg,146,420,2262,7
2024-10-26,A-101 Rice 5kg,133,420,2262,7
2024-10-27,A-101 Rice 5kg,184,420,2262,7
2024-10-28,A-101 Rice 5kg,234,420,2262,7
2024-10-29,A-101 Rice 5kg,243,420,2262,7
2024-10-30,A-101 Rice 5kg,180,420,2262,7
2024-10-31,A-101 Rice 5kg,164,420,2262,7
2024-11-01,A-101 Rice 5kg,96,420,2262,7
2024-11-02,A-101 Rice 5kg,73,420,2262,7
2024-11-03,A-101 Rice 5kg,128,420,2262,7
2024-11-04,A-101 Rice 5kg,146,420,2262,7
2024-11-05,A-101 Rice 5kg,139,420,2262,7
2024-11-06,A-101 Rice 5kg,163,420,2262,7
2024-11-07,A-101 Rice 5kg,110,420,2262,7
2024-11-08,A-101 Rice 5kg,70,420,2262,7
2024-11-09,A-101 Rice 5kg,90,420,2262,7
2024-11-10,A-101 Rice 5kg,124,420,2262,7
2024-11-11,A-101 Rice 5kg,140,420,2262,7
2024-11-12,A-101 Rice 5kg,162,420,2262,7
2024-11-13,A-101 Rice 5kg,130,420,2262,7
2024-11-14,A-101 Rice 5kg,109,420,2262,7
2024-11-15,A-101 Rice 5kg,96,420,2262,7
2024-11-16,A-101 Rice 5kg,82,420,2262,7
2024-11-17,A-101 Rice 5kg,119,420,2262,7
2024-11-18,A-101 Rice 5kg,135,420,2262,7
2024-11-19,A-101 Rice 5kg,152,420,2262,7
2024-11-20,A-101 Rice 5kg,112,420,2262,7
2024-11-21,A-101 Rice 5kg,94,420,2262,7
2024-11-22,A-101 Rice 5kg,80,420,2262,7
2024-11-23,A-101 Rice 5kg,98,420,2262,7
2024-11-24,A-101 Rice 5kg,132,420,2262,7
2024-11-25,A-101 Rice 5kg,121,420,2262,7
2024-11-26,A-101 Rice 5kg,136,420,2262,7
2024-11-27,A-101 Rice 5kg,141,420,2262,7
2024-11-28,A-101 Rice 5kg,77,420,2262,7
2024-11-29,A-101 Rice 5kg,78,420,2262,7
2024-11-30,A-101 Rice 5kg,88,420,2262,7
2024-12-01,A-101 Rice 5kg,134,420,2262,7
2024-12-02,A-101 Rice 5kg,155,420,2262,7
2024-12-03,A-101 Rice 5kg,144,420,2262,7
2024-12-04,A-101 Rice 5kg,126,420,2262,7
2024-12-05,A-101 Rice 5kg,98,420,2262,7
2024-12-06,A-101 Rice 5kg,97,420,2262,7
2024-12-07,A-101 Rice 5kg,85,420,2262,7
2024-12-08,A-101 Rice 5kg,112,420,2262,7
2024-12-09,A-101 Rice 5kg,150,420,2262,7
2024-12-10,A-101 Rice 5kg,149,420,2262,7
2024-12-11,A-101 Rice 5kg,129,420,2262,7
2024-12-12,A-101 Rice 5kg,88,420,2262,7
2024-12-13,A-101 Rice 5kg,83,420,2262,7
2024-12-14,A-101 Rice 5kg,85,420,2262,7
2024-12-15,A-101 Rice 5kg,134,420,2262,7
2024-12-16,A-101 Rice 5kg,156,420,2262,7
2024-12-17,A-101 Rice 5kg,151,420,2262,7
2024-12-18,A-101 Rice 5kg,143,420,2262,7
2024-12-19,A-101 Rice 5kg,98,420,2262,7
2024-12-20,A-101 Rice 5kg,94,420,2262,7
2024-12-21,A-101 Rice 5kg,90,420,2262,7
2024-12-22,A-101 Rice 5kg,126,420,2262,7
2024-12-23,A-101 Rice 5kg,123,420,2262,7
2024-12-24,A-101 Rice 5kg,159,420,2262,7
2024-12-25,A-101 Rice 5kg,107,420,2262,7
2024-12-26,A-101 Rice 5kg,78,420,2262,7
2024-12-27,A-101 Rice 5kg,81,420,2262,7
2024-12-28,A-101 Rice 5kg,81,420,2262,7
2024-12-29,A-101 Rice 5kg,121,420,2262,7
2024-12-30,A-101 Rice 5kg,186,420,2262,7
2024-12-31,A-101 Rice 5kg,139,420,2262,7
2025-01-01,A-101 Rice 5kg,125,420,2262,7
2025-01-02,A-101 Rice 5kg,106,420,2262,7
2025-01-03,A-101 Rice 5kg,90,420,2262,7
2025-01-04,A-101 Rice 5kg,90,420,2262,7
2025-01-05,A-101 Rice 5kg,117,420,2262,7
2025-01-06,A-101 Rice 5kg,161,420,2262,7
2025-01-07,A-101 Rice 5kg,165,420,2262,7
2025-01-08,A-101 Rice 5kg,119,420,2262,7
2025-01-09,A-101 Rice 5kg,104,420,2262,7
2025-01-10,A-101 Rice 5kg,86,420,2262,7
2025-01-11,A-101 Rice 5kg,81,420,2262,7
2025-01-12,A-101 Rice 5kg,125,420,2262,7
2025-01-13,A-101 Rice 5kg,134,420,2262,7
2025-01-14,A-101 Rice 5kg,175,420,2262,7
2025-01-15,A-101 Rice 5kg,141,420,2262,7
2025-01-16,A-101 Rice 5kg,107,420,2262,7
2025-01-17,A-101 Rice 5kg,80,420,2262,7
2025-01-18,A-101 Rice 5kg,92,420,2262,7
2025-01-19,A-101 Rice 5kg,93,420,2262,7
2025-01-20,A-101 Rice 5kg,131,420,2262,7
2025-01-21,A-101 Rice 5kg,166,420,2262,7
2025-01-22,A-101 Rice 5kg,104,420,2262,7
2025-01-23,A-101 Rice 5kg,118,420,2262,7
2025-01-24,A-101 Rice 5kg,69,420,2262,7
2025-01-25,A-101 Rice 5kg,103,420,2262,7
2025-01-26,A-101 Rice 5kg,112,420,2262,7
2025-01-27,A-101 Rice 5kg,168,420,2262,7
2025-01-28,A-101 Rice 5kg,164,420,2262,7
2025-01-29,A-101 Rice 5kg,115,420,2262,7
2025-01-30,A-101 Rice 5kg,125,420,2262,7
2025-01-31,A-101 Rice 5kg,104,420,2262,7
2025-02-01,A-101 Rice 5kg,95,420,2262,7
2025-02-02,A-101 Rice 5kg,122,420,2262,7
2025-02-03,A-101 Rice 5kg,153,420,2262,7
2025-02-04,A-101 Rice 5kg,144,420,2262,7
2025-02-05,A-101 Rice 5kg,162,420,2262,7
2025-02-06,A-101 Rice 5kg,103,420,2262,7
2025-02-07,A-101 Rice 5kg,90,420,2262,7
2025-02-08,A-101 Rice 5kg,88,420,2262,7
2025-02-09,A-101 Rice 5kg,118,420,2262,7
2025-02-10,A-101 Rice 5kg,134,420,2262,7
2025-02-11,A-101 Rice 5kg,191,420,2262,7
2025-02-12,A-101 Rice 5kg,143,420,2262,7
2025-02-13,A-101 Rice 5kg,125,420,2262,7
2025-02-14,A-101 Rice 5kg,92,420,2262,7
2025-02-15,A-101 Rice 5kg,91,420,2262,7
2025-02-16,A-101 Rice 5kg,125,420,2262,7
2025-02-17,A-101 Rice 5kg,150,420,2262,7
2025-02-18,A-101 Rice 5kg,169,420,2262,7
2025-02-19,A-101 Rice 5kg,141,420,2262,7
2025-02-20,A-101 Rice 5kg,110,420,2262,7
2025-02-21,A-101 Rice 5kg,78,420,2262,7
2025-02-22,A-101 Rice 5kg,8,420,2262,7
2025-02-23,A-101 Rice 5kg,14,420,2262,7
2025-02-24,A-101 Rice 5kg,150,420,2262,7
2025-02-25,A-101 Rice 5kg,150,420,2262,7
2025-02-26,A-101 Rice 5kg,157,420,2262,7
2025-02-27,A-101 Rice 5kg,136,420,2262,7
2025-02-28,A-101 Rice 5kg,78,420,2262,7
2025-03-01,A-101 Rice 5kg,100,420,2262,7
2025-03-02,A-101 Rice 5kg,124,420,2262,7
2025-03-03,A-101 Rice 5kg,131,420,2262,7
2025-03-04,A-101 Rice 5kg,190,420,2262,7
2025-03-05,A-101 Rice 5kg,153,420,2262,7
2025-03-06,A-101 Rice 5kg,119,420,2262,7
2025-03-07,A-101 Rice 5kg,88,420,2262,7
2025-03-08,A-101 Rice 5kg,110,420,2262,7
2025-03-09,A-101 Rice 5kg,128,420,2262,7
2025-03-10,A-101 Rice 5kg,167,420,2262,7
2025-03-11,A-101 Rice 5kg,154,420,2262,7
2025-03-12,A-101 Rice 5kg,133,420,2262,7
2025-03-13,A-101 Rice 5kg,140,420,2262,7
2025-03-14,A-101 Rice 5kg,92,420,2262,7
2025-03-15,A-101 Rice 5kg,110,420,2262,7
2025-03-16,A-101 Rice 5kg,139,420,2262,7
2025-03-17,A-101 Rice 5kg,163,420,2262,7
2025-03-18,A-101 Rice 5kg,432,420,2262,7
2025-03-19,A-101 Rice 5kg,434,420,2262,7
2025-03-20,A-101 Rice 5kg,300,420,2262,7
2025-03-21,A-101 Rice 5kg,98,420,2262,7
2025-03-22,A-101 Rice 5kg,109,420,2262,7
2025-03-23,A-101 Rice 5kg,162,420,2262,7
2025-03-24,A-101 Rice 5kg,190,420,2262,7
2025-03-25,A-101 Rice 5kg,462,420,2262,7
2025-03-26,A-101 Rice 5kg,361,420,2262,7
2025-03-27,A-101 Rice 5kg,249,420,2262,7
2025-03-28,A-101 Rice 5kg,113,420,2262,7
2025-03-29,A-101 Rice 5kg,123,420,2262,7
2025-03-30,A-101 Rice 5kg,142,420,2262,7
2025-03-31,A-101 Rice 5kg,190,420,2262,7
2025-04-01,A-101 Rice 5kg,205,420,2262,7
2025-04-02,A-101 Rice 5kg,181,420,2262,7
2025-04-03,A-101 Rice 5kg,141,420,2262,7
2025-04-04,A-101 Rice 5kg,98,420,2262,7
2025-04-05,A-101 Rice 5kg,133,420,2262,7
2025-04-06,A-101 Rice 5kg,125,420,2262,7
2025-04-07,A-101 Rice 5kg,201,420,2262,7
2025-04-08,A-101 Rice 5kg,202,420,2262,7
2025-04-09,A-101 Rice 5kg,185,420,2262,7
2025-04-10,A-101 Rice 5kg,158,420,2262,7
2025-04-11,A-101 Rice 5kg,124,420,2262,7
2025-04-12,A-101 Rice 5kg,98,420,2262,7
2025-04-13,A-101 Rice 5kg,119,420,2262,7
2025-04-14,A-101 Rice 5kg,203,420,2262,7
2025-04-15,A-101 Rice 5kg,170,420,2262,7
2025-04-16,A-101 Rice 5kg,170,420,2262,7
2025-04-17,A-101 Rice 5kg,144,420,2262,7
2025-04-18,A-101 Rice 5kg,86,420,2262,7
2025-04-19,A-101 Rice 5kg,87,420,2262,7
2025-04-20,A-101 Rice 5kg,156,420,2262,7
2025-04-21,A-101 Rice 5kg,189,420,2262,7
2025-04-22,A-101 Rice 5kg,191,420,2262,7
2025-04-23,A-101 Rice 5kg,173,420,2262,7
2025-04-24,A-101 Rice 5kg,119,420,2262,7
2025-04-25,A-101 Rice 5kg,89,420,2262,7
2025-04-26,A-101 Rice 5kg,115,420,2262,7
2025-04-27,A-101 Rice 5kg,136,420,2262,7
2025-04-28,A-101 Rice 5kg,153,420,2262,7
2025-04-29,A-101 Rice 5kg,212,420,2262,7
2025-04-30,A-101 Rice 5kg,521,420,2262,7
2025-05-01,A-101 Rice 5kg,424,420,2262,7
2025-05-02,A-101 Rice 5kg,291,420,2262,7
2025-05-03,A-101 Rice 5kg,110,420,2262,7
2025-05-04,A-101 Rice 5kg,138,420,2262,7
2025-05-05,A-101 Rice 5kg,173,420,2262,7
2025-05-06,A-101 Rice 5kg,208,420,2262,7
2025-05-07,A-101 Rice 5kg,161,420,2262,7
2025-05-08,A-101 Rice 5kg,143,420,2262,7
2025-05-09,A-101 Rice 5kg,116,420,2262,7
2025-05-10,A-101 Rice 5kg,150,420,2262,7
2025-05-11,A-101 Rice 5kg,132,420,2262,7
2025-05-12,A-101 Rice 5kg,217,420,2262,7
2025-05-13,A-101 Rice 5kg,203,420,2262,7
2025-05-14,A-101 Rice 5kg,180,420,2262,7
2025-05-15,A-101 Rice 5kg,115,420,2262,7
2025-05-16,A-101 Rice 5kg,107,420,2262,7
2025-05-17,A-101 Rice 5kg,133,420,2262,7
2025-05-18,A-101 Rice 5kg,159,420,2262,7
2025-05-19,A-101 Rice 5kg,200,420,2262,7
2025-05-20,A-101 Rice 5kg,201,420,2262,7
2025-05-21,A-101 Rice 5kg,207,420,2262,7
2025-05-22,A-101 Rice 5kg,140,420,2262,7
2025-05-23,A-101 Rice 5kg,84,420,2262,7
2025-05-24,A-101 Rice 5kg,114,420,2262,7
2025-05-25,A-101 Rice 5kg,124,420,2262,7
2025-05-26,A-101 Rice 5kg,122,420,2262,7
2025-05-27,A-101 Rice 5kg,197,420,2262,7
2025-05-28,A-101 Rice 5kg,213,420,2262,7
2025-05-29,A-101 Rice 5kg,143,420,2262,7
2025-05-30,A-101 Rice 5kg,99,420,2262,7
2025-05-31,A-101 Rice 5kg,111,420,2262,7
2025-06-01,A-101 Rice 5kg,186,420,2262,7
2025-06-02,A-101 Rice 5kg,206,420,2262,7
2025-06-03,A-101 Rice 5kg,213,420,2262,7
2025-06-04,A-101 Rice 5kg,184,420,2262,7
2025-06-05,A-101 Rice 5kg,144,420,2262,7
2025-06-06,A-101 Rice 5kg,128,420,2262,7
2025-06-07,A-101 Rice 5kg,134,420,2262,7
2025-06-08,A-101 Rice 5kg,169,420,2262,7
2025-06-09,A-101 Rice 5kg,178,420,2262,7
2025-06-10,A-101 Rice 5kg,227,420,2262,7
2025-06-11,A-101 Rice 5kg,172,420,2262,7
2025-06-12,A-101 Rice 5kg,163,420,2262,7
2025-06-13,A-101 Rice 5kg,99,420,2262,7
2025-06-14,A-101 Rice 5kg,125,420,2262,7
2025-06-15,A-101 Rice 5kg,166,420,2262,7
2025-06-16,A-101 Rice 5kg,173,420,2262,7
2025-06-17,A-101 Rice 5kg,260,420,2262,7
2025-06-18,A-101 Rice 5kg,221,420,2262,7
2025-06-19,A-101 Rice 5kg,137,420,2262,7
2025-06-20,A-101 Rice 5kg,129,420,2262,7
2025-06-21,A-101 Rice 5kg,134,420,2262,7
2025-06-22,A-101 Rice 5kg,115,420,2262,7
2025-06-23,A-101 Rice 5kg,213,420,2262,7
2025-06-24,A-101 Rice 5kg,215,420,2262,7
2025-06-25,A-101 Rice 5kg,191,420,2262,7
2025-06-26,A-101 Rice 5kg,127,420,2262,7
2025-06-27,A-101 Rice 5kg,115,420,2262,7
2025-06-28,A-101 Rice 5kg,126,420,2262,7
2025-06-29,A-101 Rice 5kg,192,420,2262,7
2025-06-30,A-101 Rice 5kg,216,420,2262,7
2025-07-01,A-101 Rice 5kg,217,420,2262,7
2025-07-02,A-101 Rice 5kg,225,420,2262,7
2025-07-03,A-101 Rice 5kg,136,420,2262,7
2025-07-04,A-101 Rice 5kg,113,420,2262,7
2025-07-05,A-101 Rice 5kg,101,420,2262,7
2025-07-06,A-101 Rice 5kg,200,420,2262,7
2025-07-07,A-101 Rice 5kg,232,420,2262,7
2025-07-08,A-101 Rice 5kg,242,420,2262,7
2025-07-09,A-101 Rice 5kg,206,420,2262,7
2025-07-10,A-101 Rice 5kg,148,420,2262,7
2025-07-11,A-101 Rice 5kg,122,420,2262,7
2025-07-12,A-101 Rice 5kg,125,420,2262,7
2025-07-13,A-101 Rice 5kg,164,420,2262,7
2025-07-14,A-101 Rice 5kg,209,420,2262,7
2025-07-15,A-101 Rice 5kg,257,420,2262,7
2025-07-16,A-101 Rice 5kg,203,420,2262,7
2025-07-17,A-101 Rice 5kg,146,420,2262,7
2025-07-18,A-101 Rice 5kg,111,420,2262,7
2025-07-19,A-101 Rice 5kg,119,420,2262,7
2025-07-20,A-101 Rice 5kg,201,420,2262,7
2025-07-21,A-101 Rice 5kg,221,420,2262,7
2025-07-22,A-101 Rice 5kg,220,420,2262,7
2025-07-23,A-101 Rice 5kg,183,420,2262,7
2025-07-24,A-101 Rice 5kg,127,420,2262,7
2025-07-25,A-101 Rice 5kg,118,420,2262,7
2025-07-26,A-101 Rice 5kg,143,420,2262,7
2025-07-27,A-101 Rice 5kg,161,420,2262,7
2025-07-28,A-101 Rice 5kg,202,420,2262,7
2025-07-29,A-101 Rice 5kg,212,420,2262,7
2025-07-30,A-101 Rice 5kg,193,420,2262,7
2025-07-31,A-101 Rice 5kg,118,420,2262,7
2025-08-01,A-101 Rice 5kg,116,420,2262,7
2025-08-02,A-101 Rice 5kg,116,420,2262,7
2025-08-03,A-101 Rice 5kg,186,420,2262,7
2025-08-04,A-101 Rice 5kg,188,420,2262,7
2025-08-05,A-101 Rice 5kg,232,420,2262,7
2025-08-06,A-101 Rice 5kg,225,420,2262,7
2025-08-07,A-101 Rice 5kg,141,420,2262,7
2025-08-08,A-101 Rice 5kg,110,420,2262,7
2025-08-09,A-101 Rice 5kg,131,420,2262,7
2025-08-10,A-101 Rice 5kg,168,420,2262,7
2025-08-11,A-101 Rice 5kg,182,420,2262,7
2025-08-12,A-101 Rice 5kg,228,420,2262,7
2025-08-13,A-101 Rice 5kg,235,420,2262,7
2025-08-14,A-101 Rice 5kg,8,420,2262,7
2025-08-15,A-101 Rice 5kg,6,420,2262,7
2025-08-16,A-101 Rice 5kg,112,420,2262,7
2025-08-17,A-101 Rice 5kg,173,420,2262,7
2025-08-18,A-101 Rice 5kg,175,420,2262,7
2025-08-19,A-101 Rice 5kg,187,420,2262,7
2025-08-20,A-101 Rice 5kg,217,420,2262,7
2025-08-21,A-101 Rice 5kg,129,420,2262,7
2025-08-22,A-101 Rice 5kg,133,420,2262,7
2025-08-23,A-101 Rice 5kg,151,420,2262,7
2025-08-24,A-101 Rice 5kg,171,420,2262,7
2025-08-25,A-101 Rice 5kg,219,420,2262,7
2025-08-26,A-101 Rice 5kg,265,420,2262,7
2025-08-27,A-101 Rice 5kg,183,420,2262,7
2025-08-28,A-101 Rice 5kg,134,420,2262,7
2025-08-29,A-101 Rice 5kg,98,420,2262,7
2025-08-30,A-101 Rice 5kg,127,420,2262,7
2025-08-31,A-101 Rice 5kg,195,420,2262,7
2025-09-01,A-101 Rice 5kg,227,420,2262,7
2025-09-02,A-101 Rice 5kg,189,420,2262,7
2025-09-03,A-101 Rice 5kg,167,420,2262,7
2025-09-04,A-101 Rice 5kg,135,420,2262,7
2025-09-05,A-101 Rice 5kg,120,420,2262,7
2025-09-06,A-101 Rice 5kg,123,420,2262,7
2025-09-07,A-101 Rice 5kg,168,420,2262,7
2025-09-08,A-101 Rice 5kg,210,420,2262,7
2025-09-09,A-101 Rice 5kg,204,420,2262,7
2025-09-10,A-101 Rice 5kg,184,420,2262,7
2025-09-11,A-101 Rice 5kg,146,420,2262,7
2025-09-12,A-101 Rice 5kg,114,420,2262,7
2025-09-13,A-101 Rice 5kg,132,420,2262,7
2025-09-14,A-101 Rice 5kg,200,420,2262,7
2025-09-15,A-101 Rice 5kg,215,420,2262,7
2025-09-16,A-101 Rice 5kg,212,420,2262,7
2025-09-17,A-101 Rice 5kg,147,420,2262,7
2025-09-18,A-101 Rice 5kg,148,420,2262,7
2025-09-19,A-101 Rice 5kg,88,420,2262,7
2025-09-20,A-101 Rice 5kg,103,420,2262,7
2025-09-21,A-101 Rice 5kg,179,420,2262,7
2025-09-22,A-101 Rice 5kg,217,420,2262,7
2025-09-23,A-101 Rice 5kg,205,420,2262,7
2025-09-24,A-101 Rice 5kg,145,420,2262,7
2025-09-25,A-101 Rice 5kg,134,420,2262,7
2025-09-26,A-101 Rice 5kg,105,420,2262,7
2025-09-27,A-101 Rice 5kg,133,420,2262,7
2025-09-28,A-101 Rice 5kg,204,420,2262,7
2025-09-29,A-101 Rice 5kg,203,420,2262,7
2025-09-30,A-101 Rice 5kg,188,420,2262,7
2025-10-01,A-101 Rice 5kg,156,420,2262,7
2025-10-02,A-101 Rice 5kg,138,420,2262,7
2025-10-03,A-101 Rice 5kg,111,420,2262,7
2025-10-04,A-101 Rice 5kg,105,420,2262,7
2025-10-05,A-101 Rice 5kg,162,420,2262,7
2025-10-06,A-101 Rice 5kg,170,420,2262,7
2025-10-07,A-101 Rice 5kg,233,420,2262,7
2025-10-08,A-101 Rice 5kg,203,420,2262,7
2025-10-09,A-101 Rice 5kg,156,420,2262,7
2025-10-10,A-101 Rice 5kg,106,420,2262,7
2025-10-11,A-101 Rice 5kg,129,420,2262,7
2025-10-12,A-101 Rice 5kg,156,420,2262,7
2025-10-13,A-101 Rice 5kg,186,420,2262,7
2025-10-14,A-101 Rice 5kg,196,420,2262,7
2025-10-15,A-101 Rice 5kg,151,420,2262,7
2025-10-16,A-101 Rice 5kg,114,420,2262,7
2025-10-17,A-101 Rice 5kg,122,420,2262,7
2025-10-18,A-101 Rice 5kg,118,420,2262,7
2025-10-19,A-101 Rice 5kg,259,420,2262,7
2025-10-20,A-101 Rice 5kg,348,420,2262,7
2025-10-21,A-101 Rice 5kg,258,420,2262,7
2025-10-22,A-101 Rice 5kg,257,420,2262,7
2025-10-23,A-101 Rice 5kg,223,420,2262,7
2025-10-24,A-101 Rice 5kg,186,420,2262,7
2025-10-25,A-101 Rice 5kg,183,420,2262,7
2025-10-26,A-101 Rice 5kg,281,420,2262,7
2025-10-27,A-101 Rice 5kg,317,420,2262,7
2025-10-28,A-101 Rice 5kg,276,420,2262,7
2025-10-29,A-101 Rice 5kg,251,420,2262,7
2025-10-30,A-101 Rice 5kg,238,420,2262,7
2025-10-31,A-101 Rice 5kg,186,420,2262,7
2025-11-01,A-101 Rice 5kg,92,420,2262,7
2025-11-02,A-101 Rice 5kg,181,420,2262,7
2025-11-03,A-101 Rice 5kg,206,420,2262,7
2025-11-04,A-101 Rice 5kg,234,420,2262,7
2025-11-05,A-101 Rice 5kg,168,420,2262,7
2025-11-06,A-101 Rice 5kg,130,420,2262,7
2025-11-07,A-101 Rice 5kg,95,420,2262,7
2025-11-08,A-101 Rice 5kg,155,420,2262,7
2025-11-09,A-101 Rice 5kg,152,420,2262,7
2025-11-10,A-101 Rice 5kg,228,420,2262,7
2025-11-11,A-101 Rice 5kg,185,420,2262,7
2025-11-12,A-101 Rice 5kg,179,420,2262,7
2025-11-13,A-101 Rice 5kg,108,420,2262,7
2025-11-14,A-101 Rice 5kg,104,420,2262,7
2025-11-15,A-101 Rice 5kg,132,420,2262,7
2025-11-16,A-101 Rice 5kg,131,420,2262,7
2025-11-17,A-101 Rice 5kg,215,420,2262,7
2025-11-18,A-101 Rice 5kg,208,420,2262,7
2025-11-19,A-101 Rice 5kg,153,420,2262,7
2025-11-20,A-101 Rice 5kg,126,420,2262,7
2025-11-21,A-101 Rice 5kg,103,420,2262,7
2025-11-22,A-101 Rice 5kg,118,420,2262,7
2025-11-23,A-101 Rice 5kg,144,420,2262,7
2025-11-24,A-101 Rice 5kg,172,420,2262,7
2025-11-25,A-101 Rice 5kg,192,420,2262,7
2025-11-26,A-101 Rice 5kg,153,420,2262,7
2025-11-27,A-101 Rice 5kg,113,420,2262,7
2025-11-28,A-101 Rice 5kg,109,420,2262,7
2025-11-29,A-101 Rice 5kg,131,420,2262,7
2025-11-30,A-101 Rice 5kg,126,420,2262,7
2025-12-01,A-101 Rice 5kg,191,420,2262,7
2025-12-02,A-101 Rice 5kg,184,420,2262,7
2025-12-03,A-101 Rice 5kg,154,420,2262,7
2025-12-04,A-101 Rice 5kg,148,420,2262,7
2025-12-05,A-101 Rice 5kg,102,420,2262,7
2025-12-06,A-101 Rice 5kg,139,420,2262,7
2025-12-07,A-101 Rice 5kg,140,420,2262,7
2025-12-08,A-101 Rice 5kg,200,420,2262,7
2025-12-09,A-101 Rice 5kg,194,420,2262,7
2025-12-10,A-101 Rice 5kg,159,420,2262,7
2025-12-11,A-101 Rice 5kg,144,420,2262,7
2025-12-12,A-101 Rice 5kg,107,420,2262,7
2025-12-13,A-101 Rice 5kg,127,420,2262,7
2025-12-14,A-101 Rice 5kg,154,420,2262,7
2025-12-15,A-101 Rice 5kg,166,420,2262,7
2025-12-16,A-101 Rice 5kg,198,420,2262,7
2025-12-17,A-101 Rice 5kg,176,420,2262,7
2025-12-18,A-101 Rice 5kg,151,420,2262,7
2025-12-19,A-101 Rice 5kg,98,420,2262,7
2025-12-20,A-101 Rice 5kg,118,420,2262,7
2025-12-21,A-101 Rice 5kg,123,420,2262,7
2025-12-22,A-101 Rice 5kg,207,420,2262,7
2025-12-23,A-101 Rice 5kg,175,420,2262,7
2025-12-24,A-101 Rice 5kg,138,420,2262,7
2025-12-25,A-101 Rice 5kg,135,420,2262,7
2025-12-26,A-101 Rice 5kg,125,420,2262,7
2025-12-27,A-101 Rice 5kg,98,420,2262,7
2025-12-28,A-101 Rice 5kg,136,420,2262,7
2025-12-29,A-101 Rice 5kg,176,420,2262,7
2025-12-30,A-101 Rice 5kg,175,420,2262,7
2025-12-31,A-101 Rice 5kg,185,420,2262,7
2026-01-01,A-101 Rice 5kg,123,420,2262,7
2026-01-02,A-101 Rice 5kg,102,420,2262,7
2026-01-03,A-101 Rice 5kg,129,420,2262,7
2026-01-04,A-101 Rice 5kg,143,420,2262,7
2026-01-05,A-101 Rice 5kg,205,420,2262,7
2026-01-06,A-101 Rice 5kg,180,420,2262,7
2026-01-07,A-101 Rice 5kg,153,420,2262,7
2026-01-08,A-101 Rice 5kg,107,420,2262,7
2026-01-09,A-101 Rice 5kg,137,420,2262,7
2026-01-10,A-101 Rice 5kg,117,420,2262,7
2026-01-11,A-101 Rice 5kg,164,420,2262,7
2026-01-12,A-101 Rice 5kg,196,420,2262,7
2026-01-13,A-101 Rice 5kg,210,420,2262,7
2026-01-14,A-101 Rice 5kg,182,420,2262,7
2026-01-15,A-101 Rice 5kg,171,420,2262,7
2026-01-16,A-101 Rice 5kg,99,420,2262,7
2026-01-17,A-101 Rice 5kg,100,420,2262,7
2026-01-18,A-101 Rice 5kg,141,420,2262,7
2026-01-19,A-101 Rice 5kg,167,420,2262,7
2026-01-20,A-101 Rice 5kg,227,420,2262,7
2026-01-21,A-101 Rice 5kg,200,420,2262,7
2026-01-22,A-101 Rice 5kg,124,420,2262,7
2026-01-23,A-101 Rice 5kg,95,420,2262,7
2026-01-24,A-101 Rice 5kg,119,420,2262,7
2026-01-25,A-101 Rice 5kg,190,420,2262,7
2026-01-26,A-101 Rice 5kg,133,420,2262,7
2026-01-27,A-101 Rice 5kg,224,420,2262,7
2026-01-28,A-101 Rice 5kg,161,420,2262,7
2026-01-29,A-101 Rice 5kg,160,420,2262,7
2026-01-30,A-101 Rice 5kg,101,420,2262,7
2026-01-31,A-101 Rice 5kg,121,420,2262,7
2026-02-01,A-101 Rice 5kg,135,420,2262,7
2026-02-02,A-101 Rice 5kg,180,420,2262,7
2026-02-03,A-101 Rice 5kg,249,420,2262,7
2026-02-04,A-101 Rice 5kg,206,420,2262,7
2026-02-05,A-101 Rice 5kg,137,420,2262,7
2026-02-06,A-101 Rice 5kg,105,420,2262,7
2026-02-07,A-101 Rice 5kg,99,420,2262,7
2026-02-08,A-101 Rice 5kg,159,420,2262,7
2026-02-09,A-101 Rice 5kg,206,420,2262,7
2026-02-10,A-101 Rice 5kg,214,420,2262,7
2026-02-11,A-101 Rice 5kg,188,420,2262,7
2026-02-12,A-101 Rice 5kg,127,420,2262,7
2026-02-13,A-101 Rice 5kg,118,420,2262,7
2026-02-14,A-101 Rice 5kg,129,420,2262,7
2026-02-15,A-101 Rice 5kg,196,420,2262,7
2026-02-16,A-101 Rice 5kg,256,420,2262,7
2026-02-17,A-101 Rice 5kg,216,420,2262,7
2026-02-18,A-101 Rice 5kg,175,420,2262,7
2026-02-19,A-101 Rice 5kg,147,420,2262,7
2026-02-20,A-101 Rice 5kg,112,420,2262,7
2026-02-21,A-101 Rice 5kg,120,420,2262,7
2026-02-22,A-101 Rice 5kg,171,420,2262,7
2026-02-23,A-101 Rice 5kg,186,420,2262,7
2026-02-24,A-101 Rice 5kg,240,420,2262,7
2026-02-25,A-101 Rice 5kg,193,420,2262,7
2026-02-26,A-101 Rice 5kg,156,420,2262,7
2026-02-27,A-101 Rice 5kg,120,420,2262,7
2026-02-28,A-101 Rice 5kg,122,420,2262,7
2026-03-01,A-101 Rice 5kg,155,420,2262,7
2026-03-02,A-101 Rice 5kg,210,420,2262,7
2026-03-03,A-101 Rice 5kg,212,420,2262,7
2026-03-04,A-101 Rice 5kg,204,420,2262,7
2026-03-05,A-101 Rice 5kg,153,420,2262,7
2026-03-06,A-101 Rice 5kg,105,420,2262,7
2026-03-07,A-101 Rice 5kg,137,420,2262,7
2026-03-08,A-101 Rice 5kg,149,420,2262,7
2026-03-09,A-101 Rice 5kg,204,420,2262,7
2026-03-10,A-101 Rice 5kg,223,420,2262,7
2026-03-11,A-101 Rice 5kg,152,420,2262,7
2026-03-12,A-101 Rice 5kg,158,420,2262,7
2026-03-13,A-101 Rice 5kg,129,420,2262,7
2026-03-14,A-101 Rice 5kg,135,420,2262,7
2026-03-15,A-101 Rice 5kg,171,420,2262,7
2026-03-16,A-101 Rice 5kg,213,420,2262,7
2026-03-17,A-101 Rice 5kg,207,420,2262,7
2026-03-18,A-101 Rice 5kg,199,420,2262,7
2026-03-19,A-101 Rice 5kg,148,420,2262,7
2026-03-20,A-101 Rice 5kg,131,420,2262,7
2026-03-21,A-101 Rice 5kg,120,420,2262,7
2026-03-22,A-101 Rice 5kg,189,420,2262,7
2026-03-23,A-101 Rice 5kg,231,420,2262,7
2026-03-24,A-101 Rice 5kg,234,420,2262,7
2026-03-25,A-101 Rice 5kg,198,420,2262,7
2026-03-26,A-101 Rice 5kg,172,420,2262,7
2026-03-27,A-101 Rice 5kg,105,420,2262,7
2026-03-28,A-101 Rice 5kg,150,420,2262,7
2026-03-29,A-101 Rice 5kg,192,420,2262,7
2026-03-30,A-101 Rice 5kg,239,420,2262,7
2026-03-31,A-101 Rice 5kg,253,420,2262,7
2026-04-01,A-101 Rice 5kg,196,420,2262,7
2026-04-02,A-101 Rice 5kg,159,420,2262,7
2026-04-03,A-101 Rice 5kg,144,420,2262,7
2026-04-04,A-101 Rice 5kg,152,420,2262,7
2026-04-05,A-101 Rice 5kg,194,420,2262,7
2026-04-06,A-101 Rice 5kg,539,420,2262,7
2026-04-07,A-101 Rice 5kg,736,420,2262,7
2026-04-08,A-101 Rice 5kg,691,420,2262,7
2026-04-09,A-101 Rice 5kg,187,420,2262,7
2026-04-10,A-101 Rice 5kg,139,420,2262,7
2026-04-11,A-101 Rice 5kg,120,420,2262,7
2026-04-12,A-101 Rice 5kg,214,420,2262,7
2026-04-13,A-101 Rice 5kg,234,420,2262,7
2026-04-14,A-101 Rice 5kg,174,420,2262,7
2026-04-15,A-101 Rice 5kg,229,420,2262,7
2026-04-16,A-101 Rice 5kg,139,420,2262,7
2026-04-17,A-101 Rice 5kg,116,420,2262,7
2026-04-18,A-101 Rice 5kg,138,420,2262,7
2026-04-19,A-101 Rice 5kg,225,420,2262,7
2026-04-20,A-101 Rice 5kg,231,420,2262,7
2026-04-21,A-101 Rice 5kg,262,420,2262,7
2026-04-22,A-101 Rice 5kg,269,420,2262,7
2026-04-23,A-101 Rice 5kg,204,420,2262,7
2026-04-24,A-101 Rice 5kg,138,420,2262,7
2026-04-25,A-101 Rice 5kg,147,420,2262,7
2026-04-26,A-101 Rice 5kg,168,420,2262,7
2026-04-27,A-101 Rice 5kg,225,420,2262,7
2026-04-28,A-101 Rice 5kg,270,420,2262,7
2026-04-29,A-101 Rice 5kg,236,420,2262,7
2026-04-30,A-101 Rice 5kg,176,420,2262,7
2026-05-01,A-101 Rice 5kg,158,420,2262,7
2026-05-02,A-101 Rice 5kg,139,420,2262,7
2026-05-03,A-101 Rice 5kg,199,420,2262,7
2026-05-04,A-101 Rice 5kg,270,420,2262,7
2026-05-05,A-101 Rice 5kg,279,420,2262,7
2026-05-06,A-101 Rice 5kg,257,420,2262,7
2026-05-07,A-101 Rice 5kg,184,420,2262,7
2026-05-08,A-101 Rice 5kg,138,420,2262,7
2026-05-09,A-101 Rice 5kg,162,420,2262,7
2026-05-10,A-101 Rice 5kg,179,420,2262,7
2026-05-11,A-101 Rice 5kg,202,420,2262,7
2026-05-12,A-101 Rice 5kg,282,420,2262,7
2026-05-13,A-101 Rice 5kg,229,420,2262,7
2026-05-14,A-101 Rice 5kg,185,420,2262,7
2026-05-15,A-101 Rice 5kg,115,420,2262,7
2026-05-16,A-101 Rice 5kg,150,420,2262,7
2026-05-17,A-101 Rice 5kg,191,420,2262,7
2026-05-18,A-101 Rice 5kg,228,420,2262,7
2026-05-19,A-101 Rice 5kg,194,420,2262,7
2026-05-20,A-101 Rice 5kg,224,420,2262,7
2026-05-21,A-101 Rice 5kg,199,420,2262,7
2026-05-22,A-101 Rice 5kg,153,420,2262,7
2026-05-23,A-101 Rice 5kg,147,420,2262,7
2026-05-24,A-101 Rice 5kg,207,420,2262,7
2026-05-25,A-101 Rice 5kg,280,420,2262,7
2026-05-26,A-101 Rice 5kg,180,420,2262,7
2026-05-27,A-101 Rice 5kg,232,420,2262,7
2026-05-28,A-101 Rice 5kg,193,420,2262,7
2026-05-29,A-101 Rice 5kg,160,420,2262,7
2026-05-30,A-101 Rice 5kg,193,420,2262,7
2026-05-31,A-101 Rice 5kg,238,420,2262,7
2026-06-01,A-101 Rice 5kg,268,420,2262,7
2026-06-02,A-101 Rice 5kg,20,420,2262,7
2026-06-03,A-101 Rice 5kg,18,420,2262,7
2026-06-04,A-101 Rice 5kg,171,420,2262,7
2026-06-05,A-101 Rice 5kg,148,420,2262,7
2026-06-06,A-101 Rice 5kg,179,420,2262,7
2026-06-07,A-101 Rice 5kg,260,420,2262,7
2026-06-08,A-101 Rice 5kg,256,420,2262,7
2026-06-09,A-101 Rice 5kg,271,420,2262,7
2026-06-10,A-101 Rice 5kg,245,420,2262,7
2026-06-11,A-101 Rice 5kg,214,420,2262,7
2026-06-12,A-101 Rice 5kg,149,420,2262,7
2026-06-13,A-101 Rice 5kg,191,420,2262,7
2026-06-14,A-101 Rice 5kg,424,420,2262,7
2026-06-15,A-101 Rice 5kg,580,420,2262,7
2026-06-16,A-101 Rice 5kg,607,420,2262,7
2026-06-17,A-101 Rice 5kg,263,420,2262,7
2026-06-18,A-101 Rice 5kg,208,420,2262,7
2026-06-19,A-101 Rice 5kg,123,420,2262,7
2026-06-20,A-101 Rice 5kg,145,420,2262,7
2026-06-21,A-101 Rice 5kg,222,420,2262,7
2026-06-22,A-101 Rice 5kg,242,420,2262,7
2026-06-23,A-101 Rice 5kg,225,420,2262,7
2026-06-24,A-101 Rice 5kg,271,420,2262,7
2026-06-25,A-101 Rice 5kg,197,420,2262,7
2026-06-26,A-101 Rice 5kg,160,420,2262,7
2026-06-27,A-101 Rice 5kg,154,420,2262,7
2026-06-28,A-101 Rice 5kg,240,420,2262,7
2026-06-29,A-101 Rice 5kg,256,420,2262,7
2026-06-30,A-101 Rice 5kg,313,420,2262,7
2026-07-01,A-101 Rice 5kg,215,420,2262,7
2026-07-02,A-101 Rice 5kg,167,420,2262,7
2026-07-03,A-101 Rice 5kg,155,420,2262,7
2026-07-04,A-101 Rice 5kg,150,420,2262,7
2026-07-05,A-101 Rice 5kg,232,420,2262,7
2026-07-06,A-101 Rice 5kg,273,420,2262,7
2026-07-07,A-101 Rice 5kg,246,420,2262,7
2026-07-08,A-101 Rice 5kg,244,420,2262,7
2026-07-09,A-101 Rice 5kg,179,420,2262,7
2026-07-10,A-101 Rice 5kg,168,420,2262,7
2026-07-11,A-101 Rice 5kg,152,420,2262,7
2026-07-12,A-101 Rice 5kg,203,420,2262,7
2026-07-13,A-101 Rice 5kg,303,420,2262,7
2026-07-14,A-101 Rice 5kg,352,420,2262,7
2026-07-15,A-101 Rice 5kg,300,420,2262,7
2026-07-16,A-101 Rice 5kg,188,420,2262,7
2026-07-17,A-101 Rice 5kg,156,420,2262,7
2026-07-18,A-101 Rice 5kg,194,420,2262,7
2026-07-19,A-101 Rice 5kg,211,420,2262,7
2026-07-20,A-101 Rice 5kg,234,420,2262,7
2026-07-21,A-101 Rice 5kg,281,420,2262,7
2026-07-22,A-101 Rice 5kg,255,420,2262,7
2026-07-23,A-101 Rice 5kg,168,420,2262,7
2026-07-24,A-101 Rice 5kg,122,420,2262,7
2026-07-25,A-101 Rice 5kg,136,420,2262,7
2026-07-26,A-101 Rice 5kg,231,420,2262,7
2026-07-27,A-101 Rice 5kg,240,420,2262,7
2026-07-28,A-101 Rice 5kg,272,420,2262,7
2026-07-29,A-101 Rice 5kg,248,420,2262,7
2026-07-30,A-101 Rice 5kg,200,420,2262,7
2026-07-31,A-101 Rice 5kg,145,420,2262,7
2026-08-01,A-101 Rice 5kg,173,420,2262,7
2026-08-02,A-101 Rice 5kg,191,420,2262,7
2026-08-03,A-101 Rice 5kg,252,420,2262,7
2026-08-04,A-101 Rice 5kg,242,420,2262,7
2026-08-05,A-101 Rice 5kg,273,420,2262,7
2026-08-06,A-101 Rice 5kg,185,420,2262,7
2026-08-07,A-101 Rice 5kg,137,420,2262,7
2026-08-08,A-101 Rice 5kg,156,420,2262,7
2026-08-09,A-101 Rice 5kg,207,420,2262,7
2026-08-10,A-101 Rice 5kg,284,420,2262,7
2026-08-11,A-101 Rice 5kg,222,420,2262,7
2026-08-12,A-101 Rice 5kg,210,420,2262,7
2026-08-13,A-101 Rice 5kg,176,420,2262,7
2026-08-14,A-101 Rice 5kg,195,420,2262,7
2026-08-15,A-101 Rice 5kg,181,420,2262,7
2026-08-16,A-101 Rice 5kg,209,420,2262,7
2026-08-17,A-101 Rice 5kg,283,420,2262,7
2026-08-18,A-101 Rice 5kg,340,420,2262,7
2026-08-19,A-101 Rice 5kg,232,420,2262,7
2026-08-20,A-101 Rice 5kg,175,420,2262,7
2026-08-21,A-101 Rice 5kg,171,420,2262,7
2026-08-22,A-101 Rice 5kg,171,420,2262,7
2026-08-23,A-101 Rice 5kg,227,420,2262,7
2026-08-24,A-101 Rice 5kg,243,420,2262,7
2026-08-25,A-101 Rice 5kg,334,420,2262,7
2026-08-26,A-101 Rice 5kg,285,420,2262,7
2026-08-27,A-101 Rice 5kg,195,420,2262,7
2026-08-28,A-101 Rice 5kg,160,420,2262,7
2026-08-29,A-101 Rice 5kg,121,420,2262,7
2026-08-30,A-101 Rice 5kg,225,420,2262,7
2026-08-31,A-101 Rice 5kg,252,420,2262,7
2026-09-01,A-101 Rice 5kg,283,420,2262,7
2026-09-02,A-101 Rice 5kg,255,420,2262,7
2026-09-03,A-101 Rice 5kg,173,420,2262,7
2026-09-04,A-101 Rice 5kg,117,420,2262,7
2026-09-05,A-101 Rice 5kg,166,420,2262,7
2026-09-06,A-101 Rice 5kg,189,420,2262,7
2026-09-07,A-101 Rice 5kg,246,420,2262,7
2026-09-08,A-101 Rice 5kg,248,420,2262,7
2026-09-09,A-101 Rice 5kg,224,420,2262,7
2026-09-10,A-101 Rice 5kg,130,420,2262,7
2026-09-11,A-101 Rice 5kg,167,420,2262,7
2026-09-12,A-101 Rice 5kg,162,420,2262,7
2026-09-13,A-101 Rice 5kg,233,420,2262,7
2026-09-14,A-101 Rice 5kg,314,420,2262,7
2026-09-15,A-101 Rice 5kg,266,420,2262,7
2026-09-16,A-101 Rice 5kg,182,420,2262,7
2026-09-17,A-101 Rice 5kg,159,420,2262,7
2024-09-18,B-205 Cooking Oil 1L,86,180,561,5
2024-09-19,B-205 Cooking Oil 1L,90,180,561,5
2024-09-20,B-205 Cooking Oil 1L,6,180,561,5
2024-09-21,B-205 Cooking Oil 1L,6,180,561,5
2024-09-22,B-205 Cooking Oil 1L,81,180,561,5
2024-09-23,B-205 Cooking Oil 1L,100,180,561,5
2024-09-24,B-205 Cooking Oil 1L,97,180,561,5
2024-09-25,B-205 Cooking Oil 1L,91,180,561,5
2024-09-26,B-205 Cooking Oil 1L,66,180,561,5
2024-09-27,B-205 Cooking Oil 1L,62,180,561,5
2024-09-28,B-205 Cooking Oil 1L,88,180,561,5
2024-09-29,B-205 Cooking Oil 1L,82,180,561,5
2024-09-30,B-205 Cooking Oil 1L,94,180,561,5
2024-10-01,B-205 Cooking Oil 1L,106,180,561,5
2024-10-02,B-205 Cooking Oil 1L,98,180,561,5
2024-10-03,B-205 Cooking Oil 1L,64,180,561,5
2024-10-04,B-205 Cooking Oil 1L,63,180,561,5
2024-10-05,B-205 Cooking Oil 1L,75,180,561,5
2024-10-06,B-205 Cooking Oil 1L,84,180,561,5
2024-10-07,B-205 Cooking Oil 1L,97,180,561,5
2024-10-08,B-205 Cooking Oil 1L,117,180,561,5
2024-10-09,B-205 Cooking Oil 1L,81,180,561,5
2024-10-10,B-205 Cooking Oil 1L,74,180,561,5
2024-10-11,B-205 Cooking Oil 1L,156,180,561,5
2024-10-12,B-205 Cooking Oil 1L,206,180,561,5
2024-10-13,B-205 Cooking Oil 1L,161,180,561,5
2024-10-14,B-205 Cooking Oil 1L,86,180,561,5
2024-10-15,B-205 Cooking Oil 1L,91,180,561,5
2024-10-16,B-205 Cooking Oil 1L,94,180,561,5
2024-10-17,B-205 Cooking Oil 1L,77,180,561,5
2024-10-18,B-205 Cooking Oil 1L,73,180,561,5
2024-10-19,B-205 Cooking Oil 1L,85,180,561,5
2024-10-20,B-205 Cooking Oil 1L,137,180,561,5
2024-10-21,B-205 Cooking Oil 1L,142,180,561,5
2024-10-22,B-205 Cooking Oil 1L,140,180,561,5
2024-10-23,B-205 Cooking Oil 1L,146,180,561,5
2024-10-24,B-205 Cooking Oil 1L,101,180,561,5
2024-10-25,B-205 Cooking Oil 1L,74,180,561,5
2024-10-26,B-205 Cooking Oil 1L,98,180,561,5
2024-10-27,B-205 Cooking Oil 1L,102,180,561,5
2024-10-28,B-205 Cooking Oil 1L,134,180,561,5
2024-10-29,B-205 Cooking Oil 1L,157,180,561,5
2024-10-30,B-205 Cooking Oil 1L,140,180,561,5
2024-10-31,B-205 Cooking Oil 1L,133,180,561,5
2024-11-01,B-205 Cooking Oil 1L,59,180,561,5
2024-11-02,B-205 Cooking Oil 1L,52,180,561,5
2024-11-03,B-205 Cooking Oil 1L,70,180,561,5
2024-11-04,B-205 Cooking Oil 1L,80,180,561,5
2024-11-05,B-205 Cooking Oil 1L,79,180,561,5
2024-11-06,B-205 Cooking Oil 1L,88,180,561,5
2024-11-07,B-205 Cooking Oil 1L,63,180,561,5
2024-11-08,B-205 Cooking Oil 1L,147,180,561,5
2024-11-09,B-205 Cooking Oil 1L,220,180,561,5
2024-11-10,B-205 Cooking Oil 1L,241,180,561,5
2024-11-11,B-205 Cooking Oil 1L,92,180,561,5
2024-11-12,B-205 Cooking Oil 1L,93,180,561,5
2024-11-13,B-205 Cooking Oil 1L,89,180,561,5
2024-11-14,B-205 Cooking Oil 1L,68,180,561,5
2024-11-15,B-205 Cooking Oil 1L,68,180,561,5
2024-11-16,B-205 Cooking Oil 1L,65,180,561,5
2024-11-17,B-205 Cooking Oil 1L,78,180,561,5
2024-11-18,B-205 Cooking Oil 1L,92,180,561,5
2024-11-19,B-205 Cooking Oil 1L,75,180,561,5
2024-11-20,B-205 Cooking Oil 1L,80,180,561,5
2024-11-21,B-205 Cooking Oil 1L,65,180,561,5
2024-11-22,B-205 Cooking Oil 1L,60,180,561,5
2024-11-23,B-205 Cooking Oil 1L,51,180,561,5
2024-11-24,B-205 Cooking Oil 1L,89,180,561,5
2024-11-25,B-205 Cooking Oil 1L,88,180,561,5
2024-11-26,B-205 Cooking Oil 1L,77,180,561,5
2024-11-27,B-205 Cooking Oil 1L,64,180,561,5
2024-11-28,B-205 Cooking Oil 1L,64,180,561,5
2024-11-29,B-205 Cooking Oil 1L,57,180,561,5
2024-11-30,B-205 Cooking Oil 1L,56,180,561,5
2024-12-01,B-205 Cooking Oil 1L,74,180,561,5
2024-12-02,B-205 Cooking Oil 1L,80,180,561,5
2024-12-03,B-205 Cooking Oil 1L,95,180,561,5
2024-12-04,B-205 Cooking Oil 1L,73,180,561,5
2024-12-05,B-205 Cooking Oil 1L,66,180,561,5
2024-12-06,B-205 Cooking Oil 1L,64,180,561,5
2024-12-07,B-205 Cooking Oil 1L,79,180,561,5
2024-12-08,B-205 Cooking Oil 1L,64,180,561,5
2024-12-09,B-205 Cooking Oil 1L,81,180,561,5
2024-12-10,B-205 Cooking Oil 1L,80,180,561,5
2024-12-11,B-205 Cooking Oil 1L,88,180,561,5
2024-12-12,B-205 Cooking Oil 1L,57,180,561,5
2024-12-13,B-205 Cooking Oil 1L,54,180,561,5
2024-12-14,B-205 Cooking Oil 1L,60,180,561,5
2024-12-15,B-205 Cooking Oil 1L,65,180,561,5
2024-12-16,B-205 Cooking Oil 1L,76,180,561,5
2024-12-17,B-205 Cooking Oil 1L,84,180,561,5
2024-12-18,B-205 Cooking Oil 1L,60,180,561,5
2024-12-19,B-205 Cooking Oil 1L,55,180,561,5
2024-12-20,B-205 Cooking Oil 1L,55,180,561,5
2024-12-21,B-205 Cooking Oil 1L,62,180,561,5
2024-12-22,B-205 Cooking Oil 1L,72,180,561,5
2024-12-23,B-205 Cooking Oil 1L,68,180,561,5
2024-12-24,B-205 Cooking Oil 1L,84,180,561,5
2024-12-25,B-205 Cooking Oil 1L,88,180,561,5
2024-12-26,B-205 Cooking Oil 1L,71,180,561,5
2024-12-27,B-205 Cooking Oil 1L,57,180,561,5
2024-12-28,B-205 Cooking Oil 1L,54,180,561,5
2024-12-29,B-205 Cooking Oil 1L,79,180,561,5
2024-12-30,B-205 Cooking Oil 1L,80,180,561,5
2024-12-31,B-205 Cooking Oil 1L,77,180,561,5
2025-01-01,B-205 Cooking Oil 1L,73,180,561,5
2025-01-02,B-205 Cooking Oil 1L,78,180,561,5
2025-01-03,B-205 Cooking Oil 1L,59,180,561,5
2025-01-04,B-205 Cooking Oil 1L,70,180,561,5
2025-01-05,B-205 Cooking Oil 1L,70,180,561,5
2025-01-06,B-205 Cooking Oil 1L,96,180,561,5
2025-01-07,B-205 Cooking Oil 1L,83,180,561,5
2025-01-08,B-205 Cooking Oil 1L,80,180,561,5
2025-01-09,B-205 Cooking Oil 1L,87,180,561,5
2025-01-10,B-205 Cooking Oil 1L,64,180,561,5
2025-01-11,B-205 Cooking Oil 1L,58,180,561,5
2025-01-12,B-205 Cooking Oil 1L,74,180,561,5
2025-01-13,B-205 Cooking Oil 1L,91,180,561,5
2025-01-14,B-205 Cooking Oil 1L,104,180,561,5
2025-01-15,B-205 Cooking Oil 1L,201,180,561,5
2025-01-16,B-205 Cooking Oil 1L,140,180,561,5
2025-01-17,B-205 Cooking Oil 1L,148,180,561,5
2025-01-18,B-205 Cooking Oil 1L,62,180,561,5
2025-01-19,B-205 Cooking Oil 1L,76,180,561,5
2025-01-20,B-205 Cooking Oil 1L,102,180,561,5
2025-01-21,B-205 Cooking Oil 1L,95,180,561,5
2025-01-22,B-205 Cooking Oil 1L,91,180,561,5
2025-01-23,B-205 Cooking Oil 1L,59,180,561,5
2025-01-24,B-205 Cooking Oil 1L,66,180,561,5
2025-01-25,B-205 Cooking Oil 1L,79,180,561,5
2025-01-26,B-205 Cooking Oil 1L,83,180,561,5
2025-01-27,B-205 Cooking Oil 1L,92,180,561,5
2025-01-28,B-205 Cooking Oil 1L,95,180,561,5
2025-01-29,B-205 Cooking Oil 1L,102,180,561,5
2025-01-30,B-205 Cooking Oil 1L,62,180,561,5
2025-01-31,B-205 Cooking Oil 1L,60,180,561,5
2025-02-01,B-205 Cooking Oil 1L,67,180,561,5
2025-02-02,B-205 Cooking Oil 1L,84,180,561,5
2025-02-03,B-205 Cooking Oil 1L,86,180,561,5
2025-02-04,B-205 Cooking Oil 1L,98,180,561,5
2025-02-05,B-205 Cooking Oil 1L,82,180,561,5
2025-02-06,B-205 Cooking Oil 1L,71,180,561,5
2025-02-07,B-205 Cooking Oil 1L,60,180,561,5
2025-02-08,B-205 Cooking Oil 1L,56,180,561,5
2025-02-09,B-205 Cooking Oil 1L,78,180,561,5
2025-02-10,B-205 Cooking Oil 1L,102,180,561,5
2025-02-11,B-205 Cooking Oil 1L,85,180,561,5
2025-02-12,B-205 Cooking Oil 1L,84,180,561,5
2025-02-13,B-205 Cooking Oil 1L,77,180,561,5
2025-02-14,B-205 Cooking Oil 1L,54,180,561,5
2025-02-15,B-205 Cooking Oil 1L,67,180,561,5
2025-02-16,B-205 Cooking Oil 1L,70,180,561,5
2025-02-17,B-205 Cooking Oil 1L,106,180,561,5
2025-02-18,B-205 Cooking Oil 1L,124,180,561,5
2025-02-19,B-205 Cooking Oil 1L,109,180,561,5
2025-02-20,B-205 Cooking Oil 1L,71,180,561,5
2025-02-21,B-205 Cooking Oil 1L,69,180,561,5
2025-02-22,B-205 Cooking Oil 1L,68,180,561,5
2025-02-23,B-205 Cooking Oil 1L,82,180,561,5
2025-02-24,B-205 Cooking Oil 1L,113,180,561,5
2025-02-25,B-205 Cooking Oil 1L,83,180,561,5
2025-02-26,B-205 Cooking Oil 1L,101,180,561,5
2025-02-27,B-205 Cooking Oil 1L,74,180,561,5
2025-02-28,B-205 Cooking Oil 1L,76,180,561,5
2025-03-01,B-205 Cooking Oil 1L,70,180,561,5
2025-03-02,B-205 Cooking Oil 1L,76,180,561,5
2025-03-03,B-205 Cooking Oil 1L,100,180,561,5
2025-03-04,B-205 Cooking Oil 1L,110,180,561,5
2025-03-05,B-205 Cooking Oil 1L,92,180,561,5
2025-03-06,B-205 Cooking Oil 1L,80,180,561,5
2025-03-07,B-205 Cooking Oil 1L,62,180,561,5
2025-03-08,B-205 Cooking Oil 1L,52,180,561,5
2025-03-09,B-205 Cooking Oil 1L,93,180,561,5
2025-03-10,B-205 Cooking Oil 1L,107,180,561,5
2025-03-11,B-205 Cooking Oil 1L,105,180,561,5
2025-03-12,B-205 Cooking Oil 1L,94,180,561,5
2025-03-13,B-205 Cooking Oil 1L,87,180,561,5
2025-03-14,B-205 Cooking Oil 1L,63,180,561,5
2025-03-15,B-205 Cooking Oil 1L,65,180,561,5
2025-03-16,B-205 Cooking Oil 1L,84,180,561,5
2025-03-17,B-205 Cooking Oil 1L,115,180,561,5
2025-03-18,B-205 Cooking Oil 1L,87,180,561,5
2025-03-19,B-205 Cooking Oil 1L,109,180,561,5
2025-03-20,B-205 Cooking Oil 1L,73,180,561,5
2025-03-21,B-205 Cooking Oil 1L,59,180,561,5
2025-03-22,B-205 Cooking Oil 1L,83,180,561,5
2025-03-23,B-205 Cooking Oil 1L,87,180,561,5
2025-03-24,B-205 Cooking Oil 1L,87,180,561,5
2025-03-25,B-205 Cooking Oil 1L,102,180,561,5
2025-03-26,B-205 Cooking Oil 1L,108,180,561,5
2025-03-27,B-205 Cooking Oil 1L,92,180,561,5
2025-03-28,B-205 Cooking Oil 1L,66,180,561,5
2025-03-29,B-205 Cooking Oil 1L,77,180,561,5
2025-03-30,B-205 Cooking Oil 1L,97,180,561,5
2025-03-31,B-205 Cooking Oil 1L,97,180,561,5
2025-04-01,B-205 Cooking Oil 1L,114,180,561,5
2025-04-02,B-205 Cooking Oil 1L,98,180,561,5
2025-04-03,B-205 Cooking Oil 1L,76,180,561,5
2025-04-04,B-205 Cooking Oil 1L,67,180,561,5
2025-04-05,B-205 Cooking Oil 1L,76,180,561,5
2025-04-06,B-205 Cooking Oil 1L,91,180,561,5
2025-04-07,B-205 Cooking Oil 1L,100,180,561,5
2025-04-08,B-205 Cooking Oil 1L,105,180,561,5
2025-04-09,B-205 Cooking Oil 1L,114,180,561,5
2025-04-10,B-205 Cooking Oil 1L,85,180,561,5
2025-04-11,B-205 Cooking Oil 1L,80,180,561,5
2025-04-12,B-205 Cooking Oil 1L,87,180,561,5
2025-04-13,B-205 Cooking Oil 1L,99,180,561,5
2025-04-14,B-205 Cooking Oil 1L,138,180,561,5
2025-04-15,B-205 Cooking Oil 1L,102,180,561,5
2025-04-16,B-205 Cooking Oil 1L,112,180,561,5
2025-04-17,B-205 Cooking Oil 1L,81,180,561,5
2025-04-18,B-205 Cooking Oil 1L,90,180,561,5
2025-04-19,B-205 Cooking Oil 1L,93,180,561,5
2025-04-20,B-205 Cooking Oil 1L,72,180,561,5
2025-04-21,B-205 Cooking Oil 1L,98,180,561,5
2025-04-22,B-205 Cooking Oil 1L,324,180,561,5
2025-04-23,B-205 Cooking Oil 1L,297,180,561,5
2025-04-24,B-205 Cooking Oil 1L,244,180,561,5
2025-04-25,B-205 Cooking Oil 1L,74,180,561,5
2025-04-26,B-205 Cooking Oil 1L,83,180,561,5
2025-04-27,B-205 Cooking Oil 1L,103,180,561,5
2025-04-28,B-205 Cooking Oil 1L,111,180,561,5
2025-04-29,B-205 Cooking Oil 1L,131,180,561,5
2025-04-30,B-205 Cooking Oil 1L,77,180,561,5
2025-05-01,B-205 Cooking Oil 1L,94,180,561,5
2025-05-02,B-205 Cooking Oil 1L,66,180,561,5
2025-05-03,B-205 Cooking Oil 1L,89,180,561,5
2025-05-04,B-205 Cooking Oil 1L,94,180,561,5
2025-05-05,B-205 Cooking Oil 1L,101,180,561,5
2025-05-06,B-205 Cooking Oil 1L,123,180,561,5
2025-05-07,B-205 Cooking Oil 1L,95,180,561,5
2025-05-08,B-205 Cooking Oil 1L,78,180,561,5
2025-05-09,B-205 Cooking Oil 1L,62,180,561,5
2025-05-10,B-205 Cooking Oil 1L,81,180,561,5
2025-05-11,B-205 Cooking Oil 1L,104,180,561,5
2025-05-12,B-205 Cooking Oil 1L,129,180,561,5
2025-05-13,B-205 Cooking Oil 1L,117,180,561,5
2025-05-14,B-205 Cooking Oil 1L,121,180,561,5
2025-05-15,B-205 Cooking Oil 1L,89,180,561,5
2025-05-16,B-205 Cooking Oil 1L,77,180,561,5
2025-05-17,B-205 Cooking Oil 1L,87,180,561,5
2025-05-18,B-205 Cooking Oil 1L,111,180,561,5
2025-05-19,B-205 Cooking Oil 1L,111,180,561,5
2025-05-20,B-205 Cooking Oil 1L,117,180,561,5
2025-05-21,B-205 Cooking Oil 1L,107,180,561,5
2025-05-22,B-205 Cooking Oil 1L,91,180,561,5
2025-05-23,B-205 Cooking Oil 1L,70,180,561,5
2025-05-24,B-205 Cooking Oil 1L,93,180,561,5
2025-05-25,B-205 Cooking Oil 1L,95,180,561,5
2025-05-26,B-205 Cooking Oil 1L,124,180,561,5
2025-05-27,B-205 Cooking Oil 1L,109,180,561,5
2025-05-28,B-205 Cooking Oil 1L,114,180,561,5
2025-05-29,B-205 Cooking Oil 1L,95,180,561,5
2025-05-30,B-205 Cooking Oil 1L,75,180,561,5
2025-05-31,B-205 Cooking Oil 1L,103,180,561,5
2025-06-01,B-205 Cooking Oil 1L,105,180,561,5
2025-06-02,B-205 Cooking Oil 1L,143,180,561,5
2025-06-03,B-205 Cooking Oil 1L,136,180,561,5
2025-06-04,B-205 Cooking Oil 1L,102,180,561,5
2025-06-05,B-205 Cooking Oil 1L,87,180,561,5
2025-06-06,B-205 Cooking Oil 1L,83,180,561,5
2025-06-07,B-205 Cooking Oil 1L,84,180,561,5
2025-06-08,B-205 Cooking Oil 1L,102,180,561,5
2025-06-09,B-205 Cooking Oil 1L,114,180,561,5
2025-06-10,B-205 Cooking Oil 1L,96,180,561,5
2025-06-11,B-205 Cooking Oil 1L,108,180,561,5
2025-06-12,B-205 Cooking Oil 1L,67,180,561,5
2025-06-13,B-205 Cooking Oil 1L,83,180,561,5
2025-06-14,B-205 Cooking Oil 1L,77,180,561,5
2025-06-15,B-205 Cooking Oil 1L,93,180,561,5
2025-06-16,B-205 Cooking Oil 1L,116,180,561,5
2025-06-17,B-205 Cooking Oil 1L,127,180,561,5
2025-06-18,B-205 Cooking Oil 1L,92,180,561,5
2025-06-19,B-205 Cooking Oil 1L,72,180,561,5
2025-06-20,B-205 Cooking Oil 1L,69,180,561,5
2025-06-21,B-205 Cooking Oil 1L,63,180,561,5
2025-06-22,B-205 Cooking Oil 1L,90,180,561,5
2025-06-23,B-205 Cooking Oil 1L,142,180,561,5
2025-06-24,B-205 Cooking Oil 1L,108,180,561,5
2025-06-25,B-205 Cooking Oil 1L,120,180,561,5
2025-06-26,B-205 Cooking Oil 1L,77,180,561,5
2025-06-27,B-205 Cooking Oil 1L,83,180,561,5
2025-06-28,B-205 Cooking Oil 1L,81,180,561,5
2025-06-29,B-205 Cooking Oil 1L,101,180,561,5
2025-06-30,B-205 Cooking Oil 1L,127,180,561,5
2025-07-01,B-205 Cooking Oil 1L,149,180,561,5
2025-07-02,B-205 Cooking Oil 1L,114,180,561,5
2025-07-03,B-205 Cooking Oil 1L,93,180,561,5
2025-07-04,B-205 Cooking Oil 1L,70,180,561,5
2025-07-05,B-205 Cooking Oil 1L,90,180,561,5
2025-07-06,B-205 Cooking Oil 1L,98,180,561,5
2025-07-07,B-205 Cooking Oil 1L,130,180,561,5
2025-07-08,B-205 Cooking Oil 1L,122,180,561,5
2025-07-09,B-205 Cooking Oil 1L,134,180,561,5
2025-07-10,B-205 Cooking Oil 1L,70,180,561,5
2025-07-11,B-205 Cooking Oil 1L,76,180,561,5
2025-07-12,B-205 Cooking Oil 1L,92,180,561,5
2025-07-13,B-205 Cooking Oil 1L,96,180,561,5
2025-07-14,B-205 Cooking Oil 1L,107,180,561,5
2025-07-15,B-205 Cooking Oil 1L,118,180,561,5
2025-07-16,B-205 Cooking Oil 1L,92,180,561,5
2025-07-17,B-205 Cooking Oil 1L,92,180,561,5
2025-07-18,B-205 Cooking Oil 1L,102,180,561,5
2025-07-19,B-205 Cooking Oil 1L,94,180,561,5
2025-07-20,B-205 Cooking Oil 1L,87,180,561,5
2025-07-21,B-205 Cooking Oil 1L,105,180,561,5
2025-07-22,B-205 Cooking Oil 1L,115,180,561,5
2025-07-23,B-205 Cooking Oil 1L,123,180,561,5
2025-07-24,B-205 Cooking Oil 1L,81,180,561,5
2025-07-25,B-205 Cooking Oil 1L,72,180,561,5
2025-07-26,B-205 Cooking Oil 1L,91,180,561,5
2025-07-27,B-205 Cooking Oil 1L,110,180,561,5
2025-07-28,B-205 Cooking Oil 1L,111,180,561,5
2025-07-29,B-205 Cooking Oil 1L,104,180,561,5
2025-07-30,B-205 Cooking Oil 1L,88,180,561,5
2025-07-31,B-205 Cooking Oil 1L,82,180,561,5
2025-08-01,B-205 Cooking Oil 1L,57,180,561,5
2025-08-02,B-205 Cooking Oil 1L,89,180,561,5
2025-08-03,B-205 Cooking Oil 1L,91,180,561,5
2025-08-04,B-205 Cooking Oil 1L,122,180,561,5
2025-08-05,B-205 Cooking Oil 1L,146,180,561,5
2025-08-06,B-205 Cooking Oil 1L,122,180,561,5
2025-08-07,B-205 Cooking Oil 1L,76,180,561,5
2025-08-08,B-205 Cooking Oil 1L,85,180,561,5
2025-08-09,B-205 Cooking Oil 1L,92,180,561,5
2025-08-10,B-205 Cooking Oil 1L,89,180,561,5
2025-08-11,B-205 Cooking Oil 1L,101,180,561,5
2025-08-12,B-205 Cooking Oil 1L,116,180,561,5
2025-08-13,B-205 Cooking Oil 1L,86,180,561,5
2025-08-14,B-205 Cooking Oil 1L,103,180,561,5
2025-08-15,B-205 Cooking Oil 1L,54,180,561,5
2025-08-16,B-205 Cooking Oil 1L,69,180,561,5
2025-08-17,B-205 Cooking Oil 1L,93,180,561,5
2025-08-18,B-205 Cooking Oil 1L,109,180,561,5
2025-08-19,B-205 Cooking Oil 1L,119,180,561,5
2025-08-20,B-205 Cooking Oil 1L,108,180,561,5
2025-08-21,B-205 Cooking Oil 1L,84,180,561,5
2025-08-22,B-205 Cooking Oil 1L,85,180,561,5
2025-08-23,B-205 Cooking Oil 1L,58,180,561,5
2025-08-24,B-205 Cooking Oil 1L,95,180,561,5
2025-08-25,B-205 Cooking Oil 1L,101,180,561,5
2025-08-26,B-205 Cooking Oil 1L,117,180,561,5
2025-08-27,B-205 Cooking Oil 1L,106,180,561,5
2025-08-28,B-205 Cooking Oil 1L,76,180,561,5
2025-08-29,B-205 Cooking Oil 1L,68,180,561,5
2025-08-30,B-205 Cooking Oil 1L,85,180,561,5
2025-08-31,B-205 Cooking Oil 1L,97,180,561,5
2025-09-01,B-205 Cooking Oil 1L,100,180,561,5
2025-09-02,B-205 Cooking Oil 1L,141,180,561,5
2025-09-03,B-205 Cooking Oil 1L,130,180,561,5
2025-09-04,B-205 Cooking Oil 1L,69,180,561,5
2025-09-05,B-205 Cooking Oil 1L,75,180,561,5
2025-09-06,B-205 Cooking Oil 1L,99,180,561,5
2025-09-07,B-205 Cooking Oil 1L,101,180,561,5
2025-09-08,B-205 Cooking Oil 1L,110,180,561,5
2025-09-09,B-205 Cooking Oil 1L,108,180,561,5
2025-09-10,B-205 Cooking Oil 1L,94,180,561,5
2025-09-11,B-205 Cooking Oil 1L,80,180,561,5
2025-09-12,B-205 Cooking Oil 1L,67,180,561,5
2025-09-13,B-205 Cooking Oil 1L,82,180,561,5
2025-09-14,B-205 Cooking Oil 1L,86,180,561,5
2025-09-15,B-205 Cooking Oil 1L,100,180,561,5
2025-09-16,B-205 Cooking Oil 1L,94,180,561,5
2025-09-17,B-205 Cooking Oil 1L,98,180,561,5
2025-09-18,B-205 Cooking Oil 1L,72,180,561,5
2025-09-19,B-205 Cooking Oil 1L,69,180,561,5
2025-09-20,B-205 Cooking Oil 1L,83,180,561,5
2025-09-21,B-205 Cooking Oil 1L,93,180,561,5
2025-09-22,B-205 Cooking Oil 1L,110,180,561,5
2025-09-23,B-205 Cooking Oil 1L,112,180,561,5
2025-09-24,B-205 Cooking Oil 1L,97,180,561,5
2025-09-25,B-205 Cooking Oil 1L,78,180,561,5
2025-09-26,B-205 Cooking Oil 1L,66,180,561,5
2025-09-27,B-205 Cooking Oil 1L,79,180,561,5
2025-09-28,B-205 Cooking Oil 1L,76,180,561,5
2025-09-29,B-205 Cooking Oil 1L,119,180,561,5
2025-09-30,B-205 Cooking Oil 1L,106,180,561,5
2025-10-01,B-205 Cooking Oil 1L,87,180,561,5
2025-10-02,B-205 Cooking Oil 1L,74,180,561,5
2025-10-03,B-205 Cooking Oil 1L,62,180,561,5
2025-10-04,B-205 Cooking Oil 1L,73,180,561,5
2025-10-05,B-205 Cooking Oil 1L,79,180,561,5
2025-10-06,B-205 Cooking Oil 1L,114,180,561,5
2025-10-07,B-205 Cooking Oil 1L,94,180,561,5
2025-10-08,B-205 Cooking Oil 1L,68,180,561,5
2025-10-09,B-205 Cooking Oil 1L,70,180,561,5
2025-10-10,B-205 Cooking Oil 1L,51,180,561,5
2025-10-11,B-205 Cooking Oil 1L,70,180,561,5
2025-10-12,B-205 Cooking Oil 1L,95,180,561,5
2025-10-13,B-205 Cooking Oil 1L,106,180,561,5
2025-10-14,B-205 Cooking Oil 1L,86,180,561,5
2025-10-15,B-205 Cooking Oil 1L,83,180,561,5
2025-10-16,B-205 Cooking Oil 1L,92,180,561,5
2025-10-17,B-205 Cooking Oil 1L,68,180,561,5
2025-10-18,B-205 Cooking Oil 1L,69,180,561,5
2025-10-19,B-205 Cooking Oil 1L,150,180,561,5
2025-10-20,B-205 Cooking Oil 1L,201,180,561,5
2025-10-21,B-205 Cooking Oil 1L,186,180,561,5
2025-10-22,B-205 Cooking Oil 1L,147,180,561,5
2025-10-23,B-205 Cooking Oil 1L,124,180,561,5
2025-10-24,B-205 Cooking Oil 1L,111,180,561,5
2025-10-25,B-205 Cooking Oil 1L,101,180,561,5
2025-10-26,B-205 Cooking Oil 1L,114,180,561,5
2025-10-27,B-205 Cooking Oil 1L,154,180,561,5
2025-10-28,B-205 Cooking Oil 1L,140,180,561,5
2025-10-29,B-205 Cooking Oil 1L,141,180,561,5
2025-10-30,B-205 Cooking Oil 1L,119,180,561,5
2025-10-31,B-205 Cooking Oil 1L,130,180,561,5
2025-11-01,B-205 Cooking Oil 1L,60,180,561,5
2025-11-02,B-205 Cooking Oil 1L,79,180,561,5
2025-11-03,B-205 Cooking Oil 1L,92,180,561,5
2025-11-04,B-205 Cooking Oil 1L,103,180,561,5
2025-11-05,B-205 Cooking Oil 1L,99,180,561,5
2025-11-06,B-205 Cooking Oil 1L,68,180,561,5
2025-11-07,B-205 Cooking Oil 1L,57,180,561,5
2025-11-08,B-205 Cooking Oil 1L,53,180,561,5
2025-11-09,B-205 Cooking Oil 1L,71,180,561,5
2025-11-10,B-205 Cooking Oil 1L,99,180,561,5
2025-11-11,B-205 Cooking Oil 1L,97,180,561,5
2025-11-12,B-205 Cooking Oil 1L,76,180,561,5
2025-11-13,B-205 Cooking Oil 1L,68,180,561,5
2025-11-14,B-205 Cooking Oil 1L,62,180,561,5
2025-11-15,B-205 Cooking Oil 1L,69,180,561,5
2025-11-16,B-205 Cooking Oil 1L,73,180,561,5
2025-11-17,B-205 Cooking Oil 1L,89,180,561,5
2025-11-18,B-205 Cooking Oil 1L,74,180,561,5
2025-11-19,B-205 Cooking Oil 1L,74,180,561,5
2025-11-20,B-205 Cooking Oil 1L,84,180,561,5
2025-11-21,B-205 Cooking Oil 1L,45,180,561,5
2025-11-22,B-205 Cooking Oil 1L,62,180,561,5
2025-11-23,B-205 Cooking Oil 1L,12,180,561,5
2025-11-24,B-205 Cooking Oil 1L,13,180,561,5
2025-11-25,B-205 Cooking Oil 1L,85,180,561,5
2025-11-26,B-205 Cooking Oil 1L,84,180,561,5
2025-11-27,B-205 Cooking Oil 1L,70,180,561,5
2025-11-28,B-205 Cooking Oil 1L,60,180,561,5
2025-11-29,B-205 Cooking Oil 1L,50,180,561,5
2025-11-30,B-205 Cooking Oil 1L,76,180,561,5
2025-12-01,B-205 Cooking Oil 1L,81,180,561,5
2025-12-02,B-205 Cooking Oil 1L,88,180,561,5
2025-12-03,B-205 Cooking Oil 1L,87,180,561,5
2025-12-04,B-205 Cooking Oil 1L,75,180,561,5
2025-12-05,B-205 Cooking Oil 1L,67,180,561,5
2025-12-06,B-205 Cooking Oil 1L,60,180,561,5
2025-12-07,B-205 Cooking Oil 1L,86,180,561,5
2025-12-08,B-205 Cooking Oil 1L,103,180,561,5
2025-12-09,B-205 Cooking Oil 1L,106,180,561,5
2025-12-10,B-205 Cooking Oil 1L,98,180,561,5
2025-12-11,B-205 Cooking Oil 1L,68,180,561,5
2025-12-12,B-205 Cooking Oil 1L,59,180,561,5
2025-12-13,B-205 Cooking Oil 1L,70,180,561,5
2025-12-14,B-205 Cooking Oil 1L,64,180,561,5
2025-12-15,B-205 Cooking Oil 1L,92,180,561,5
2025-12-16,B-205 Cooking Oil 1L,87,180,561,5
2025-12-17,B-205 Cooking Oil 1L,80,180,561,5
2025-12-18,B-205 Cooking Oil 1L,55,180,561,5
2025-12-19,B-205 Cooking Oil 1L,54,180,561,5
2025-12-20,B-205 Cooking Oil 1L,63,180,561,5
2025-12-21,B-205 Cooking Oil 1L,85,180,561,5
2025-12-22,B-205 Cooking Oil 1L,101,180,561,5
2025-12-23,B-205 Cooking Oil 1L,92,180,561,5
2025-12-24,B-205 Cooking Oil 1L,82,180,561,5
2025-12-25,B-205 Cooking Oil 1L,63,180,561,5
2025-12-26,B-205 Cooking Oil 1L,63,180,561,5
2025-12-27,B-205 Cooking Oil 1L,62,180,561,5
2025-12-28,B-205 Cooking Oil 1L,83,180,561,5
2025-12-29,B-205 Cooking Oil 1L,109,180,561,5
2025-12-30,B-205 Cooking Oil 1L,93,180,561,5
2025-12-31,B-205 Cooking Oil 1L,69,180,561,5
2026-01-01,B-205 Cooking Oil 1L,63,180,561,5
2026-01-02,B-205 Cooking Oil 1L,50,180,561,5
2026-01-03,B-205 Cooking Oil 1L,55,180,561,5
2026-01-04,B-205 Cooking Oil 1L,90,180,561,5
2026-01-05,B-205 Cooking Oil 1L,93,180,561,5
2026-01-06,B-205 Cooking Oil 1L,77,180,561,5
2026-01-07,B-205 Cooking Oil 1L,92,180,561,5
2026-01-08,B-205 Cooking Oil 1L,81,180,561,5
2026-01-09,B-205 Cooking Oil 1L,58,180,561,5
2026-01-10,B-205 Cooking Oil 1L,59,180,561,5
2026-01-11,B-205 Cooking Oil 1L,75,180,561,5
2026-01-12,B-205 Cooking Oil 1L,95,180,561,5
2026-01-13,B-205 Cooking Oil 1L,102,180,561,5
2026-01-14,B-205 Cooking Oil 1L,98,180,561,5
2026-01-15,B-205 Cooking Oil 1L,81,180,561,5
2026-01-16,B-205 Cooking Oil 1L,70,180,561,5
2026-01-17,B-205 Cooking Oil 1L,76,180,561,5
2026-01-18,B-205 Cooking Oil 1L,85,180,561,5
2026-01-19,B-205 Cooking Oil 1L,75,180,561,5
2026-01-20,B-205 Cooking Oil 1L,94,180,561,5
2026-01-21,B-205 Cooking Oil 1L,90,180,561,5
2026-01-22,B-205 Cooking Oil 1L,68,180,561,5
2026-01-23,B-205 Cooking Oil 1L,69,180,561,5
2026-01-24,B-205 Cooking Oil 1L,153,180,561,5
2026-01-25,B-205 Cooking Oil 1L,172,180,561,5
2026-01-26,B-205 Cooking Oil 1L,267,180,561,5
2026-01-27,B-205 Cooking Oil 1L,105,180,561,5
2026-01-28,B-205 Cooking Oil 1L,90,180,561,5
2026-01-29,B-205 Cooking Oil 1L,81,180,561,5
2026-01-30,B-205 Cooking Oil 1L,71,180,561,5
2026-01-31,B-205 Cooking Oil 1L,70,180,561,5
2026-02-01,B-205 Cooking Oil 1L,57,180,561,5
2026-02-02,B-205 Cooking Oil 1L,87,180,561,5
2026-02-03,B-205 Cooking Oil 1L,93,180,561,5
2026-02-04,B-205 Cooking Oil 1L,79,180,561,5
2026-02-05,B-205 Cooking Oil 1L,75,180,561,5
2026-02-06,B-205 Cooking Oil 1L,73,180,561,5
2026-02-07,B-205 Cooking Oil 1L,64,180,561,5
2026-02-08,B-205 Cooking Oil 1L,71,180,561,5
2026-02-09,B-205 Cooking Oil 1L,120,180,561,5
2026-02-10,B-205 Cooking Oil 1L,95,180,561,5
2026-02-11,B-205 Cooking Oil 1L,77,180,561,5
2026-02-12,B-205 Cooking Oil 1L,77,180,561,5
2026-02-13,B-205 Cooking Oil 1L,69,180,561,5
2026-02-14,B-205 Cooking Oil 1L,63,180,561,5
2026-02-15,B-205 Cooking Oil 1L,91,180,561,5
2026-02-16,B-205 Cooking Oil 1L,92,180,561,5
2026-02-17,B-205 Cooking Oil 1L,91,180,561,5
2026-02-18,B-205 Cooking Oil 1L,94,180,561,5
2026-02-19,B-205 Cooking Oil 1L,83,180,561,5
2026-02-20,B-205 Cooking Oil 1L,61,180,561,5
2026-02-21,B-205 Cooking Oil 1L,73,180,561,5
2026-02-22,B-205 Cooking Oil 1L,84,180,561,5
2026-02-23,B-205 Cooking Oil 1L,134,180,561,5
2026-02-24,B-205 Cooking Oil 1L,95,180,561,5
2026-02-25,B-205 Cooking Oil 1L,109,180,561,5
2026-02-26,B-205 Cooking Oil 1L,77,180,561,5
2026-02-27,B-205 Cooking Oil 1L,67,180,561,5
2026-02-28,B-205 Cooking Oil 1L,78,180,561,5
2026-03-01,B-205 Cooking Oil 1L,96,180,561,5
2026-03-02,B-205 Cooking Oil 1L,117,180,561,5
2026-03-03,B-205 Cooking Oil 1L,110,180,561,5
2026-03-04,B-205 Cooking Oil 1L,89,180,561,5
2026-03-05,B-205 Cooking Oil 1L,74,180,561,5
2026-03-06,B-205 Cooking Oil 1L,73,180,561,5
2026-03-07,B-205 Cooking Oil 1L,78,180,561,5
2026-03-08,B-205 Cooking Oil 1L,103,180,561,5
2026-03-09,B-205 Cooking Oil 1L,109,180,561,5
2026-03-10,B-205 Cooking Oil 1L,121,180,561,5
2026-03-11,B-205 Cooking Oil 1L,115,180,561,5
2026-03-12,B-205 Cooking Oil 1L,82,180,561,5
2026-03-13,B-205 Cooking Oil 1L,58,180,561,5
2026-03-14,B-205 Cooking Oil 1L,64,180,561,5
2026-03-15,B-205 Cooking Oil 1L,74,180,561,5
2026-03-16,B-205 Cooking Oil 1L,126,180,561,5
2026-03-17,B-205 Cooking Oil 1L,99,180,561,5
2026-03-18,B-205 Cooking Oil 1L,114,180,561,5
2026-03-19,B-205 Cooking Oil 1L,88,180,561,5
2026-03-20,B-205 Cooking Oil 1L,86,180,561,5
2026-03-21,B-205 Cooking Oil 1L,85,180,561,5
2026-03-22,B-205 Cooking Oil 1L,91,180,561,5
2026-03-23,B-205 Cooking Oil 1L,105,180,561,5
2026-03-24,B-205 Cooking Oil 1L,113,180,561,5
2026-03-25,B-205 Cooking Oil 1L,103,180,561,5
2026-03-26,B-205 Cooking Oil 1L,78,180,561,5
2026-03-27,B-205 Cooking Oil 1L,73,180,561,5
2026-03-28,B-205 Cooking Oil 1L,92,180,561,5
2026-03-29,B-205 Cooking Oil 1L,74,180,561,5
2026-03-30,B-205 Cooking Oil 1L,113,180,561,5
2026-03-31,B-205 Cooking Oil 1L,102,180,561,5
2026-04-01,B-205 Cooking Oil 1L,105,180,561,5
2026-04-02,B-205 Cooking Oil 1L,94,180,561,5
2026-04-03,B-205 Cooking Oil 1L,74,180,561,5
2026-04-04,B-205 Cooking Oil 1L,86,180,561,5
2026-04-05,B-205 Cooking Oil 1L,77,180,561,5
2026-04-06,B-205 Cooking Oil 1L,127,180,561,5
2026-04-07,B-205 Cooking Oil 1L,108,180,561,5
2026-04-08,B-205 Cooking Oil 1L,113,180,561,5
2026-04-09,B-205 Cooking Oil 1L,89,180,561,5
2026-04-10,B-205 Cooking Oil 1L,52,180,561,5
2026-04-11,B-205 Cooking Oil 1L,73,180,561,5
2026-04-12,B-205 Cooking Oil 1L,99,180,561,5
2026-04-13,B-205 Cooking Oil 1L,135,180,561,5
2026-04-14,B-205 Cooking Oil 1L,122,180,561,5
2026-04-15,B-205 Cooking Oil 1L,110,180,561,5
2026-04-16,B-205 Cooking Oil 1L,73,180,561,5
2026-04-17,B-205 Cooking Oil 1L,90,180,561,5
2026-04-18,B-205 Cooking Oil 1L,99,180,561,5
2026-04-19,B-205 Cooking Oil 1L,99,180,561,5
2026-04-20,B-205 Cooking Oil 1L,112,180,561,5
2026-04-21,B-205 Cooking Oil 1L,97,180,561,5
2026-04-22,B-205 Cooking Oil 1L,120,180,561,5
2026-04-23,B-205 Cooking Oil 1L,119,180,561,5
2026-04-24,B-205 Cooking Oil 1L,85,180,561,5
2026-04-25,B-205 Cooking Oil 1L,95,180,561,5
2026-04-26,B-205 Cooking Oil 1L,106,180,561,5
2026-04-27,B-205 Cooking Oil 1L,103,180,561,5
2026-04-28,B-205 Cooking Oil 1L,141,180,561,5
2026-04-29,B-205 Cooking Oil 1L,94,180,561,5
2026-04-30,B-205 Cooking Oil 1L,89,180,561,5
2026-05-01,B-205 Cooking Oil 1L,82,180,561,5
2026-05-02,B-205 Cooking Oil 1L,92,180,561,5
2026-05-03,B-205 Cooking Oil 1L,106,180,561,5
2026-05-04,B-205 Cooking Oil 1L,124,180,561,5
2026-05-05,B-205 Cooking Oil 1L,112,180,561,5
2026-05-06,B-205 Cooking Oil 1L,94,180,561,5
2026-05-07,B-205 Cooking Oil 1L,93,180,561,5
2026-05-08,B-205 Cooking Oil 1L,73,180,561,5
2026-05-09,B-205 Cooking Oil 1L,71,180,561,5
2026-05-10,B-205 Cooking Oil 1L,87,180,561,5
2026-05-11,B-205 Cooking Oil 1L,113,180,561,5
2026-05-12,B-205 Cooking Oil 1L,97,180,561,5
2026-05-13,B-205 Cooking Oil 1L,95,180,561,5
2026-05-14,B-205 Cooking Oil 1L,75,180,561,5
2026-05-15,B-205 Cooking Oil 1L,83,180,561,5
2026-05-16,B-205 Cooking Oil 1L,90,180,561,5
2026-05-17,B-205 Cooking Oil 1L,128,180,561,5
2026-05-18,B-205 Cooking Oil 1L,100,180,561,5
2026-05-19,B-205 Cooking Oil 1L,116,180,561,5
2026-05-20,B-205 Cooking Oil 1L,126,180,561,5
2026-05-21,B-205 Cooking Oil 1L,92,180,561,5
2026-05-22,B-205 Cooking Oil 1L,79,180,561,5
2026-05-23,B-205 Cooking Oil 1L,104,180,561,5
2026-05-24,B-205 Cooking Oil 1L,100,180,561,5
2026-05-25,B-205 Cooking Oil 1L,106,180,561,5
2026-05-26,B-205 Cooking Oil 1L,107,180,561,5
2026-05-27,B-205 Cooking Oil 1L,119,180,561,5
2026-05-28,B-205 Cooking Oil 1L,98,180,561,5
2026-05-29,B-205 Cooking Oil 1L,69,180,561,5
2026-05-30,B-205 Cooking Oil 1L,77,180,561,5
2026-05-31,B-205 Cooking Oil 1L,112,180,561,5
2026-06-01,B-205 Cooking Oil 1L,132,180,561,5
2026-06-02,B-205 Cooking Oil 1L,118,180,561,5
2026-06-03,B-205 Cooking Oil 1L,124,180,561,5
2026-06-04,B-205 Cooking Oil 1L,102,180,561,5
2026-06-05,B-205 Cooking Oil 1L,65,180,561,5
2026-06-06,B-205 Cooking Oil 1L,249,180,561,5
2026-06-07,B-205 Cooking Oil 1L,329,180,561,5
2026-06-08,B-205 Cooking Oil 1L,342,180,561,5
2026-06-09,B-205 Cooking Oil 1L,96,180,561,5
2026-06-10,B-205 Cooking Oil 1L,112,180,561,5
2026-06-11,B-205 Cooking Oil 1L,105,180,561,5
2026-06-12,B-205 Cooking Oil 1L,99,180,561,5
2026-06-13,B-205 Cooking Oil 1L,65,180,561,5
2026-06-14,B-205 Cooking Oil 1L,139,180,561,5
2026-06-15,B-205 Cooking Oil 1L,108,180,561,5
2026-06-16,B-205 Cooking Oil 1L,144,180,561,5
2026-06-17,B-205 Cooking Oil 1L,134,180,561,5
2026-06-18,B-205 Cooking Oil 1L,107,180,561,5
2026-06-19,B-205 Cooking Oil 1L,85,180,561,5
2026-06-20,B-205 Cooking Oil 1L,76,180,561,5
2026-06-21,B-205 Cooking Oil 1L,15,180,561,5
2026-06-22,B-205 Cooking Oil 1L,15,180,561,5
2026-06-23,B-205 Cooking Oil 1L,90,180,561,5
2026-06-24,B-205 Cooking Oil 1L,156,180,561,5
2026-06-25,B-205 Cooking Oil 1L,104,180,561,5
2026-06-26,B-205 Cooking Oil 1L,102,180,561,5
2026-06-27,B-205 Cooking Oil 1L,78,180,561,5
2026-06-28,B-205 Cooking Oil 1L,125,180,561,5
2026-06-29,B-205 Cooking Oil 1L,148,180,561,5
2026-06-30,B-205 Cooking Oil 1L,153,180,561,5
2026-07-01,B-205 Cooking Oil 1L,116,180,561,5
2026-07-02,B-205 Cooking Oil 1L,82,180,561,5
2026-07-03,B-205 Cooking Oil 1L,82,180,561,5
2026-07-04,B-205 Cooking Oil 1L,65,180,561,5
2026-07-05,B-205 Cooking Oil 1L,84,180,561,5
2026-07-06,B-205 Cooking Oil 1L,126,180,561,5
2026-07-07,B-205 Cooking Oil 1L,113,180,561,5
2026-07-08,B-205 Cooking Oil 1L,114,180,561,5
2026-07-09,B-205 Cooking Oil 1L,94,180,561,5
2026-07-10,B-205 Cooking Oil 1L,102,180,561,5
2026-07-11,B-205 Cooking Oil 1L,101,180,561,5
2026-07-12,B-205 Cooking Oil 1L,105,180,561,5
2026-07-13,B-205 Cooking Oil 1L,142,180,561,5
2026-07-14,B-205 Cooking Oil 1L,116,180,561,5
2026-07-15,B-205 Cooking Oil 1L,111,180,561,5
2026-07-16,B-205 Cooking Oil 1L,106,180,561,5
2026-07-17,B-205 Cooking Oil 1L,70,180,561,5
2026-07-18,B-205 Cooking Oil 1L,84,180,561,5
2026-07-19,B-205 Cooking Oil 1L,88,180,561,5
2026-07-20,B-205 Cooking Oil 1L,125,180,561,5
2026-07-21,B-205 Cooking Oil 1L,152,180,561,5
2026-07-22,B-205 Cooking Oil 1L,104,180,561,5
2026-07-23,B-205 Cooking Oil 1L,97,180,561,5
2026-07-24,B-205 Cooking Oil 1L,73,180,561,5
2026-07-25,B-205 Cooking Oil 1L,74,180,561,5
2026-07-26,B-205 Cooking Oil 1L,89,180,561,5
2026-07-27,B-205 Cooking Oil 1L,143,180,561,5
2026-07-28,B-205 Cooking Oil 1L,162,180,561,5
2026-07-29,B-205 Cooking Oil 1L,120,180,561,5
2026-07-30,B-205 Cooking Oil 1L,86,180,561,5
2026-07-31,B-205 Cooking Oil 1L,88,180,561,5
2026-08-01,B-205 Cooking Oil 1L,82,180,561,5
2026-08-02,B-205 Cooking Oil 1L,113,180,561,5
2026-08-03,B-205 Cooking Oil 1L,125,180,561,5
2026-08-04,B-205 Cooking Oil 1L,129,180,561,5
2026-08-05,B-205 Cooking Oil 1L,121,180,561,5
2026-08-06,B-205 Cooking Oil 1L,86,180,561,5
2026-08-07,B-205 Cooking Oil 1L,77,180,561,5
2026-08-08,B-205 Cooking Oil 1L,67,180,561,5
2026-08-09,B-205 Cooking Oil 1L,97,180,561,5
2026-08-10,B-205 Cooking Oil 1L,99,180,561,5
2026-08-11,B-205 Cooking Oil 1L,122,180,561,5
2026-08-12,B-205 Cooking Oil 1L,99,180,561,5
2026-08-13,B-205 Cooking Oil 1L,93,180,561,5
2026-08-14,B-205 Cooking Oil 1L,84,180,561,5
2026-08-15,B-205 Cooking Oil 1L,69,180,561,5
2026-08-16,B-205 Cooking Oil 1L,91,180,561,5
2026-08-17,B-205 Cooking Oil 1L,105,180,561,5
2026-08-18,B-205 Cooking Oil 1L,133,180,561,5
2026-08-19,B-205 Cooking Oil 1L,132,180,561,5
2026-08-20,B-205 Cooking Oil 1L,100,180,561,5
2026-08-21,B-205 Cooking Oil 1L,75,180,561,5
2026-08-22,B-205 Cooking Oil 1L,97,180,561,5
2026-08-23,B-205 Cooking Oil 1L,81,180,561,5
2026-08-24,B-205 Cooking Oil 1L,137,180,561,5
2026-08-25,B-205 Cooking Oil 1L,111,180,561,5
2026-08-26,B-205 Cooking Oil 1L,72,180,561,5
2026-08-27,B-205 Cooking Oil 1L,118,180,561,5
2026-08-28,B-205 Cooking Oil 1L,92,180,561,5
2026-08-29,B-205 Cooking Oil 1L,71,180,561,5
2026-08-30,B-205 Cooking Oil 1L,100,180,561,5
2026-08-31,B-205 Cooking Oil 1L,112,180,561,5
2026-09-01,B-205 Cooking Oil 1L,120,180,561,5
2026-09-02,B-205 Cooking Oil 1L,88,180,561,5
2026-09-03,B-205 Cooking Oil 1L,81,180,561,5
2026-09-04,B-205 Cooking Oil 1L,80,180,561,5
2026-09-05,B-205 Cooking Oil 1L,82,180,561,5
2026-09-06,B-205 Cooking Oil 1L,110,180,561,5
2026-09-07,B-205 Cooking Oil 1L,114,180,561,5
2026-09-08,B-205 Cooking Oil 1L,150,180,561,5
2026-09-09,B-205 Cooking Oil 1L,96,180,561,5
2026-09-10,B-205 Cooking Oil 1L,89,180,561,5
2026-09-11,B-205 Cooking Oil 1L,58,180,561,5
2026-09-12,B-205 Cooking Oil 1L,67,180,561,5
2026-09-13,B-205 Cooking Oil 1L,110,180,561,5
2026-09-14,B-205 Cooking Oil 1L,99,180,561,5
2026-09-15,B-205 Cooking Oil 1L,122,180,561,5
2026-09-16,B-205 Cooking Oil 1L,103,180,561,5
2026-09-17,B-205 Cooking Oil 1L,74,180,561,5
2024-09-18,C-312 Winter Jacket,38,1899,394,21
2024-09-19,C-312 Winter Jacket,35,1899,394,21
2024-09-20,C-312 Winter Jacket,32,1899,394,21
2024-09-21,C-312 Winter Jacket,37,1899,394,21
2024-09-22,C-312 Winter Jacket,36,1899,394,21
2024-09-23,C-312 Winter Jacket,41,1899,394,21
2024-09-24,C-312 Winter Jacket,36,1899,394,21
2024-09-25,C-312 Winter Jacket,46,1899,394,21
2024-09-26,C-312 Winter Jacket,35,1899,394,21
2024-09-27,C-312 Winter Jacket,36,1899,394,21
2024-09-28,C-312 Winter Jacket,33,1899,394,21
2024-09-29,C-312 Winter Jacket,40,1899,394,21
2024-09-30,C-312 Winter Jacket,36,1899,394,21
2024-10-01,C-312 Winter Jacket,40,1899,394,21
2024-10-02,C-312 Winter Jacket,45,1899,394,21
2024-10-03,C-312 Winter Jacket,25,1899,394,21
2024-10-04,C-312 Winter Jacket,30,1899,394,21
2024-10-05,C-312 Winter Jacket,32,1899,394,21
2024-10-06,C-312 Winter Jacket,31,1899,394,21
2024-10-07,C-312 Winter Jacket,35,1899,394,21
2024-10-08,C-312 Winter Jacket,38,1899,394,21
2024-10-09,C-312 Winter Jacket,27,1899,394,21
2024-10-10,C-312 Winter Jacket,27,1899,394,21
2024-10-11,C-312 Winter Jacket,20,1899,394,21
2024-10-12,C-312 Winter Jacket,21,1899,394,21
2024-10-13,C-312 Winter Jacket,24,1899,394,21
2024-10-14,C-312 Winter Jacket,28,1899,394,21
2024-10-15,C-312 Winter Jacket,29,1899,394,21
2024-10-16,C-312 Winter Jacket,27,1899,394,21
2024-10-17,C-312 Winter Jacket,18,1899,394,21
2024-10-18,C-312 Winter Jacket,24,1899,394,21
2024-10-19,C-312 Winter Jacket,36,1899,394,21
2024-10-20,C-312 Winter Jacket,38,1899,394,21
2024-10-21,C-312 Winter Jacket,37,1899,394,21
2024-10-22,C-312 Winter Jacket,38,1899,394,21
2024-10-23,C-312 Winter Jacket,37,1899,394,21
2024-10-24,C-312 Winter Jacket,31,1899,394,21
2024-10-25,C-312 Winter Jacket,21,1899,394,21
2024-10-26,C-312 Winter Jacket,29,1899,394,21
2024-10-27,C-312 Winter Jacket,40,1899,394,21
2024-10-28,C-312 Winter Jacket,25,1899,394,21
2024-10-29,C-312 Winter Jacket,36,1899,394,21
2024-10-30,C-312 Winter Jacket,31,1899,394,21
2024-10-31,C-312 Winter Jacket,25,1899,394,21
2024-11-01,C-312 Winter Jacket,16,1899,394,21
2024-11-02,C-312 Winter Jacket,12,1899,394,21
2024-11-03,C-312 Winter Jacket,16,1899,394,21
2024-11-04,C-312 Winter Jacket,20,1899,394,21
2024-11-05,C-312 Winter Jacket,16,1899,394,21
2024-11-06,C-312 Winter Jacket,14,1899,394,21
2024-11-07,C-312 Winter Jacket,13,1899,394,21
2024-11-08,C-312 Winter Jacket,11,1899,394,21
2024-11-09,C-312 Winter Jacket,14,1899,394,21
2024-11-10,C-312 Winter Jacket,11,1899,394,21
2024-11-11,C-312 Winter Jacket,15,1899,394,21
2024-11-12,C-312 Winter Jacket,12,1899,394,21
2024-11-13,C-312 Winter Jacket,14,1899,394,21
2024-11-14,C-312 Winter Jacket,11,1899,394,21
2024-11-15,C-312 Winter Jacket,6,1899,394,21
2024-11-16,C-312 Winter Jacket,10,1899,394,21
2024-11-17,C-312 Winter Jacket,9,1899,394,21
2024-11-18,C-312 Winter Jacket,11,1899,394,21
2024-11-19,C-312 Winter Jacket,14,1899,394,21
2024-11-20,C-312 Winter Jacket,9,1899,394,21
2024-11-21,C-312 Winter Jacket,8,1899,394,21
2024-11-22,C-312 Winter Jacket,9,1899,394,21
2024-11-23,C-312 Winter Jacket,8,1899,394,21
2024-11-24,C-312 Winter Jacket,10,1899,394,21
2024-11-25,C-312 Winter Jacket,10,1899,394,21
2024-11-26,C-312 Winter Jacket,8,1899,394,21
2024-11-27,C-312 Winter Jacket,8,1899,394,21
2024-11-28,C-312 Winter Jacket,8,1899,394,21
2024-11-29,C-312 Winter Jacket,7,1899,394,21
2024-11-30,C-312 Winter Jacket,7,1899,394,21
2024-12-01,C-312 Winter Jacket,7,1899,394,21
2024-12-02,C-312 Winter Jacket,8,1899,394,21
2024-12-03,C-312 Winter Jacket,7,1899,394,21
2024-12-04,C-312 Winter Jacket,9,1899,394,21
2024-12-05,C-312 Winter Jacket,6,1899,394,21
2024-12-06,C-312 Winter Jacket,5,1899,394,21
2024-12-07,C-312 Winter Jacket,5,1899,394,21
2024-12-08,C-312 Winter Jacket,7,1899,394,21
2024-12-09,C-312 Winter Jacket,7,1899,394,21
2024-12-10,C-312 Winter Jacket,7,1899,394,21
2024-12-11,C-312 Winter Jacket,6,1899,394,21
2024-12-12,C-312 Winter Jacket,6,1899,394,21
2024-12-13,C-312 Winter Jacket,4,1899,394,21
2024-12-14,C-312 Winter Jacket,4,1899,394,21
2024-12-15,C-312 Winter Jacket,6,1899,394,21
2024-12-16,C-312 Winter Jacket,6,1899,394,21
2024-12-17,C-312 Winter Jacket,7,1899,394,21
2024-12-18,C-312 Winter Jacket,7,1899,394,21
2024-12-19,C-312 Winter Jacket,6,1899,394,21
2024-12-20,C-312 Winter Jacket,5,1899,394,21
2024-12-21,C-312 Winter Jacket,6,1899,394,21
2024-12-22,C-312 Winter Jacket,6,1899,394,21
2024-12-23,C-312 Winter Jacket,6,1899,394,21
2024-12-24,C-312 Winter Jacket,7,1899,394,21
2024-12-25,C-312 Winter Jacket,6,1899,394,21
2024-12-26,C-312 Winter Jacket,5,1899,394,21
2024-12-27,C-312 Winter Jacket,5,1899,394,21
2024-12-28,C-312 Winter Jacket,5,1899,394,21
2024-12-29,C-312 Winter Jacket,5,1899,394,21
2024-12-30,C-312 Winter Jacket,7,1899,394,21
2024-12-31,C-312 Winter Jacket,7,1899,394,21
2025-01-01,C-312 Winter Jacket,6,1899,394,21
2025-01-02,C-312 Winter Jacket,5,1899,394,21
2025-01-03,C-312 Winter Jacket,5,1899,394,21
2025-01-04,C-312 Winter Jacket,6,1899,394,21
2025-01-05,C-312 Winter Jacket,7,1899,394,21
2025-01-06,C-312 Winter Jacket,7,1899,394,21
2025-01-07,C-312 Winter Jacket,9,1899,394,21
2025-01-08,C-312 Winter Jacket,7,1899,394,21
2025-01-09,C-312 Winter Jacket,7,1899,394,21
2025-01-10,C-312 Winter Jacket,8,1899,394,21
2025-01-11,C-312 Winter Jacket,6,1899,394,21
2025-01-12,C-312 Winter Jacket,7,1899,394,21
2025-01-13,C-312 Winter Jacket,10,1899,394,21
2025-01-14,C-312 Winter Jacket,9,1899,394,21
2025-01-15,C-312 Winter Jacket,9,1899,394,21
2025-01-16,C-312 Winter Jacket,9,1899,394,21
2025-01-17,C-312 Winter Jacket,9,1899,394,21
2025-01-18,C-312 Winter Jacket,6,1899,394,21
2025-01-19,C-312 Winter Jacket,9,1899,394,21
2025-01-20,C-312 Winter Jacket,10,1899,394,21
2025-01-21,C-312 Winter Jacket,10,1899,394,21
2025-01-22,C-312 Winter Jacket,10,1899,394,21
2025-01-23,C-312 Winter Jacket,9,1899,394,21
2025-01-24,C-312 Winter Jacket,10,1899,394,21
2025-01-25,C-312 Winter Jacket,9,1899,394,21
2025-01-26,C-312 Winter Jacket,12,1899,394,21
2025-01-27,C-312 Winter Jacket,14,1899,394,21
2025-01-28,C-312 Winter Jacket,13,1899,394,21
2025-01-29,C-312 Winter Jacket,14,1899,394,21
2025-01-30,C-312 Winter Jacket,15,1899,394,21
2025-01-31,C-312 Winter Jacket,12,1899,394,21
2025-02-01,C-312 Winter Jacket,11,1899,394,21
2025-02-02,C-312 Winter Jacket,14,1899,394,21
2025-02-03,C-312 Winter Jacket,14,1899,394,21
2025-02-04,C-312 Winter Jacket,17,1899,394,21
2025-02-05,C-312 Winter Jacket,18,1899,394,21
2025-02-06,C-312 Winter Jacket,13,1899,394,21
2025-02-07,C-312 Winter Jacket,13,1899,394,21
2025-02-08,C-312 Winter Jacket,16,1899,394,21
2025-02-09,C-312 Winter Jacket,16,1899,394,21
2025-02-10,C-312 Winter Jacket,19,1899,394,21
2025-02-11,C-312 Winter Jacket,17,1899,394,21
2025-02-12,C-312 Winter Jacket,17,1899,394,21
2025-02-13,C-312 Winter Jacket,16,1899,394,21
2025-02-14,C-312 Winter Jacket,20,1899,394,21
2025-02-15,C-312 Winter Jacket,16,1899,394,21
2025-02-16,C-312 Winter Jacket,18,1899,394,21
2025-02-17,C-312 Winter Jacket,21,1899,394,21
2025-02-18,C-312 Winter Jacket,23,1899,394,21
2025-02-19,C-312 Winter Jacket,24,1899,394,21
2025-02-20,C-312 Winter Jacket,20,1899,394,21
2025-02-21,C-312 Winter Jacket,23,1899,394,21
2025-02-22,C-312 Winter Jacket,20,1899,394,21
2025-02-23,C-312 Winter Jacket,26,1899,394,21
2025-02-24,C-312 Winter Jacket,27,1899,394,21
2025-02-25,C-312 Winter Jacket,29,1899,394,21
2025-02-26,C-312 Winter Jacket,21,1899,394,21
2025-02-27,C-312 Winter Jacket,22,1899,394,21
2025-02-28,C-312 Winter Jacket,21,1899,394,21
2025-03-01,C-312 Winter Jacket,22,1899,394,21
2025-03-02,C-312 Winter Jacket,19,1899,394,21
2025-03-03,C-312 Winter Jacket,32,1899,394,21
2025-03-04,C-312 Winter Jacket,29,1899,394,21
2025-03-05,C-312 Winter Jacket,27,1899,394,21
2025-03-06,C-312 Winter Jacket,25,1899,394,21
2025-03-07,C-312 Winter Jacket,23,1899,394,21
2025-03-08,C-312 Winter Jacket,27,1899,394,21
2025-03-09,C-312 Winter Jacket,25,1899,394,21
2025-03-10,C-312 Winter Jacket,29,1899,394,21
2025-03-11,C-312 Winter Jacket,36,1899,394,21
2025-03-12,C-312 Winter Jacket,33,1899,394,21
2025-03-13,C-312 Winter Jacket,28,1899,394,21
2025-03-14,C-312 Winter Jacket,25,1899,394,21
2025-03-15,C-312 Winter Jacket,25,1899,394,21
2025-03-16,C-312 Winter Jacket,32,1899,394,21
2025-03-17,C-312 Winter Jacket,42,1899,394,21
2025-03-18,C-312 Winter Jacket,34,1899,394,21
2025-03-19,C-312 Winter Jacket,43,1899,394,21
2025-03-20,C-312 Winter Jacket,35,1899,394,21
2025-03-21,C-312 Winter Jacket,28,1899,394,21
2025-03-22,C-312 Winter Jacket,34,1899,394,21
2025-03-23,C-312 Winter Jacket,30,1899,394,21
2025-03-24,C-312 Winter Jacket,32,1899,394,21
2025-03-25,C-312 Winter Jacket,36,1899,394,21
2025-03-26,C-312 Winter Jacket,38,1899,394,21
2025-03-27,C-312 Winter Jacket,0,1899,394,21
2025-03-28,C-312 Winter Jacket,0,1899,394,21
2025-03-29,C-312 Winter Jacket,35,1899,394,21
2025-03-30,C-312 Winter Jacket,29,1899,394,21
2025-03-31,C-312 Winter Jacket,47,1899,394,21
2025-04-01,C-312 Winter Jacket,38,1899,394,21
2025-04-02,C-312 Winter Jacket,40,1899,394,21
2025-04-03,C-312 Winter Jacket,37,1899,394,21
2025-04-04,C-312 Winter Jacket,31,1899,394,21
2025-04-05,C-312 Winter Jacket,31,1899,394,21
2025-04-06,C-312 Winter Jacket,37,1899,394,21
2025-04-07,C-312 Winter Jacket,48,1899,394,21
2025-04-08,C-312 Winter Jacket,53,1899,394,21
2025-04-09,C-312 Winter Jacket,50,1899,394,21
2025-04-10,C-312 Winter Jacket,36,1899,394,21
2025-04-11,C-312 Winter Jacket,35,1899,394,21
2025-04-12,C-312 Winter Jacket,35,1899,394,21
2025-04-13,C-312 Winter Jacket,48,1899,394,21
2025-04-14,C-312 Winter Jacket,39,1899,394,21
2025-04-15,C-312 Winter Jacket,61,1899,394,21
2025-04-16,C-312 Winter Jacket,47,1899,394,21
2025-04-17,C-312 Winter Jacket,40,1899,394,21
2025-04-18,C-312 Winter Jacket,42,1899,394,21
2025-04-19,C-312 Winter Jacket,48,1899,394,21
2025-04-20,C-312 Winter Jacket,50,1899,394,21
2025-04-21,C-312 Winter Jacket,61,1899,394,21
2025-04-22,C-312 Winter Jacket,57,1899,394,21
2025-04-23,C-312 Winter Jacket,61,1899,394,21
2025-04-24,C-312 Winter Jacket,54,1899,394,21
2025-04-25,C-312 Winter Jacket,42,1899,394,21
2025-04-26,C-312 Winter Jacket,53,1899,394,21
2025-04-27,C-312 Winter Jacket,52,1899,394,21
2025-04-28,C-312 Winter Jacket,58,1899,394,21
2025-04-29,C-312 Winter Jacket,53,1899,394,21
2025-04-30,C-312 Winter Jacket,54,1899,394,21
2025-05-01,C-312 Winter Jacket,54,1899,394,21
2025-05-02,C-312 Winter Jacket,38,1899,394,21
2025-05-03,C-312 Winter Jacket,51,1899,394,21
2025-05-04,C-312 Winter Jacket,56,1899,394,21
2025-05-05,C-312 Winter Jacket,62,1899,394,21
2025-05-06,C-312 Winter Jacket,46,1899,394,21
2025-05-07,C-312 Winter Jacket,57,1899,394,21
2025-05-08,C-312 Winter Jacket,55,1899,394,21
2025-05-09,C-312 Winter Jacket,43,1899,394,21
2025-05-10,C-312 Winter Jacket,49,1899,394,21
2025-05-11,C-312 Winter Jacket,40,1899,394,21
2025-05-12,C-312 Winter Jacket,67,1899,394,21
2025-05-13,C-312 Winter Jacket,59,1899,394,21
2025-05-14,C-312 Winter Jacket,66,1899,394,21
2025-05-15,C-312 Winter Jacket,41,1899,394,21
2025-05-16,C-312 Winter Jacket,52,1899,394,21
2025-05-17,C-312 Winter Jacket,49,1899,394,21
2025-05-18,C-312 Winter Jacket,63,1899,394,21
2025-05-19,C-312 Winter Jacket,57,1899,394,21
2025-05-20,C-312 Winter Jacket,61,1899,394,21
2025-05-21,C-312 Winter Jacket,78,1899,394,21
2025-05-22,C-312 Winter Jacket,49,1899,394,21
2025-05-23,C-312 Winter Jacket,45,1899,394,21
2025-05-24,C-312 Winter Jacket,50,1899,394,21
2025-05-25,C-312 Winter Jacket,51,1899,394,21
2025-05-26,C-312 Winter Jacket,75,1899,394,21
2025-05-27,C-312 Winter Jacket,81,1899,394,21
2025-05-28,C-312 Winter Jacket,58,1899,394,21
2025-05-29,C-312 Winter Jacket,44,1899,394,21
2025-05-30,C-312 Winter Jacket,58,1899,394,21
2025-05-31,C-312 Winter Jacket,59,1899,394,21
2025-06-01,C-312 Winter Jacket,65,1899,394,21
2025-06-02,C-312 Winter Jacket,76,1899,394,21
2025-06-03,C-312 Winter Jacket,61,1899,394,21
2025-06-04,C-312 Winter Jacket,62,1899,394,21
2025-06-05,C-312 Winter Jacket,47,1899,394,21
2025-06-06,C-312 Winter Jacket,42,1899,394,21
2025-06-07,C-312 Winter Jacket,59,1899,394,21
2025-06-08,C-312 Winter Jacket,55,1899,394,21
2025-06-09,C-312 Winter Jacket,86,1899,394,21
2025-06-10,C-312 Winter Jacket,70,1899,394,21
2025-06-11,C-312 Winter Jacket,59,1899,394,21
2025-06-12,C-312 Winter Jacket,62,1899,394,21
2025-06-13,C-312 Winter Jacket,63,1899,394,21
2025-06-14,C-312 Winter Jacket,56,1899,394,21
2025-06-15,C-312 Winter Jacket,51,1899,394,21
2025-06-16,C-312 Winter Jacket,70,1899,394,21
2025-06-17,C-312 Winter Jacket,80,1899,394,21
2025-06-18,C-312 Winter Jacket,60,1899,394,21
2025-06-19,C-312 Winter Jacket,51,1899,394,21
2025-06-20,C-312 Winter Jacket,58,1899,394,21
2025-06-21,C-312 Winter Jacket,54,1899,394,21
2025-06-22,C-312 Winter Jacket,52,1899,394,21
2025-06-23,C-312 Winter Jacket,64,1899,394,21
2025-06-24,C-312 Winter Jacket,62,1899,394,21
2025-06-25,C-312 Winter Jacket,66,1899,394,21
2025-06-26,C-312 Winter Jacket,56,1899,394,21
2025-06-27,C-312 Winter Jacket,58,1899,394,21
2025-06-28,C-312 Winter Jacket,57,1899,394,21
2025-06-29,C-312 Winter Jacket,48,1899,394,21
2025-06-30,C-312 Winter Jacket,69,1899,394,21
2025-07-01,C-312 Winter Jacket,75,1899,394,21
2025-07-02,C-312 Winter Jacket,66,1899,394,21
2025-07-03,C-312 Winter Jacket,62,1899,394,21
2025-07-04,C-312 Winter Jacket,47,1899,394,21
2025-07-05,C-312 Winter Jacket,46,1899,394,21
2025-07-06,C-312 Winter Jacket,65,1899,394,21
2025-07-07,C-312 Winter Jacket,57,1899,394,21
2025-07-08,C-312 Winter Jacket,49,1899,394,21
2025-07-09,C-312 Winter Jacket,69,1899,394,21
2025-07-10,C-312 Winter Jacket,49,1899,394,21
2025-07-11,C-312 Winter Jacket,47,1899,394,21
2025-07-12,C-312 Winter Jacket,42,1899,394,21
2025-07-13,C-312 Winter Jacket,48,1899,394,21
2025-07-14,C-312 Winter Jacket,54,1899,394,21
2025-07-15,C-312 Winter Jacket,62,1899,394,21
2025-07-16,C-312 Winter Jacket,62,1899,394,21
2025-07-17,C-312 Winter Jacket,38,1899,394,21
2025-07-18,C-312 Winter Jacket,52,1899,394,21
2025-07-19,C-312 Winter Jacket,42,1899,394,21
2025-07-20,C-312 Winter Jacket,48,1899,394,21
2025-07-21,C-312 Winter Jacket,66,1899,394,21
2025-07-22,C-312 Winter Jacket,62,1899,394,21
2025-07-23,C-312 Winter Jacket,47,1899,394,21
2025-07-24,C-312 Winter Jacket,62,1899,394,21
2025-07-25,C-312 Winter Jacket,41,1899,394,21
2025-07-26,C-312 Winter Jacket,48,1899,394,21
2025-07-27,C-312 Winter Jacket,54,1899,394,21
2025-07-28,C-312 Winter Jacket,69,1899,394,21
2025-07-29,C-312 Winter Jacket,57,1899,394,21
2025-07-30,C-312 Winter Jacket,62,1899,394,21
2025-07-31,C-312 Winter Jacket,44,1899,394,21
2025-08-01,C-312 Winter Jacket,50,1899,394,21
2025-08-02,C-312 Winter Jacket,41,1899,394,21
2025-08-03,C-312 Winter Jacket,48,1899,394,21
2025-08-04,C-312 Winter Jacket,69,1899,394,21
2025-08-05,C-312 Winter Jacket,59,1899,394,21
2025-08-06,C-312 Winter Jacket,53,1899,394,21
2025-08-07,C-312 Winter Jacket,58,1899,394,21
2025-08-08,C-312 Winter Jacket,43,1899,394,21
2025-08-09,C-312 Winter Jacket,39,1899,394,21
2025-08-10,C-312 Winter Jacket,52,1899,394,21
2025-08-11,C-312 Winter Jacket,46,1899,394,21
2025-08-12,C-312 Winter Jacket,61,1899,394,21
2025-08-13,C-312 Winter Jacket,57,1899,394,21
2025-08-14,C-312 Winter Jacket,40,1899,394,21
2025-08-15,C-312 Winter Jacket,36,1899,394,21
2025-08-16,C-312 Winter Jacket,41,1899,394,21
2025-08-17,C-312 Winter Jacket,45,1899,394,21
2025-08-18,C-312 Winter Jacket,44,1899,394,21
2025-08-19,C-312 Winter Jacket,54,1899,394,21
2025-08-20,C-312 Winter Jacket,35,1899,394,21
2025-08-21,C-312 Winter Jacket,39,1899,394,21
2025-08-22,C-312 Winter Jacket,35,1899,394,21
2025-08-23,C-312 Winter Jacket,36,1899,394,21
2025-08-24,C-312 Winter Jacket,44,1899,394,21
2025-08-25,C-312 Winter Jacket,40,1899,394,21
2025-08-26,C-312 Winter Jacket,51,1899,394,21
2025-08-27,C-312 Winter Jacket,43,1899,394,21
2025-08-28,C-312 Winter Jacket,35,1899,394,21
2025-08-29,C-312 Winter Jacket,29,1899,394,21
2025-08-30,C-312 Winter Jacket,30,1899,394,21
2025-08-31,C-312 Winter Jacket,41,1899,394,21
2025-09-01,C-312 Winter Jacket,38,1899,394,21
2025-09-02,C-312 Winter Jacket,44,1899,394,21
2025-09-03,C-312 Winter Jacket,45,1899,394,21
2025-09-04,C-312 Winter Jacket,39,1899,394,21
2025-09-05,C-312 Winter Jacket,37,1899,394,21
2025-09-06,C-312 Winter Jacket,31,1899,394,21
2025-09-07,C-312 Winter Jacket,31,1899,394,21
2025-09-08,C-312 Winter Jacket,44,1899,394,21
2025-09-09,C-312 Winter Jacket,41,1899,394,21
2025-09-10,C-312 Winter Jacket,42,1899,394,21
2025-09-11,C-312 Winter Jacket,32,1899,394,21
2025-09-12,C-312 Winter Jacket,33,1899,394,21
2025-09-13,C-312 Winter Jacket,32,1899,394,21
2025-09-14,C-312 Winter Jacket,35,1899,394,21
2025-09-15,C-312 Winter Jacket,38,1899,394,21
2025-09-16,C-312 Winter Jacket,38,1899,394,21
2025-09-17,C-312 Winter Jacket,34,1899,394,21
2025-09-18,C-312 Winter Jacket,29,1899,394,21
2025-09-19,C-312 Winter Jacket,29,1899,394,21
2025-09-20,C-312 Winter Jacket,25,1899,394,21
2025-09-21,C-312 Winter Jacket,35,1899,394,21
2025-09-22,C-312 Winter Jacket,32,1899,394,21
2025-09-23,C-312 Winter Jacket,36,1899,394,21
2025-09-24,C-312 Winter Jacket,29,1899,394,21
2025-09-25,C-312 Winter Jacket,25,1899,394,21
2025-09-26,C-312 Winter Jacket,29,1899,394,21
2025-09-27,C-312 Winter Jacket,23,1899,394,21
2025-09-28,C-312 Winter Jacket,22,1899,394,21
2025-09-29,C-312 Winter Jacket,26,1899,394,21
2025-09-30,C-312 Winter Jacket,28,1899,394,21
2025-10-01,C-312 Winter Jacket,33,1899,394,21
2025-10-02,C-312 Winter Jacket,23,1899,394,21
2025-10-03,C-312 Winter Jacket,23,1899,394,21
2025-10-04,C-312 Winter Jacket,18,1899,394,21
2025-10-05,C-312 Winter Jacket,24,1899,394,21
2025-10-06,C-312 Winter Jacket,27,1899,394,21
2025-10-07,C-312 Winter Jacket,31,1899,394,21
2025-10-08,C-312 Winter Jacket,21,1899,394,21
2025-10-09,C-312 Winter Jacket,21,1899,394,21
2025-10-10,C-312 Winter Jacket,18,1899,394,21
2025-10-11,C-312 Winter Jacket,16,1899,394,21
2025-10-12,C-312 Winter Jacket,20,1899,394,21
2025-10-13,C-312 Winter Jacket,21,1899,394,21
2025-10-14,C-312 Winter Jacket,16,1899,394,21
2025-10-15,C-312 Winter Jacket,21,1899,394,21
2025-10-16,C-312 Winter Jacket,18,1899,394,21
2025-10-17,C-312 Winter Jacket,14,1899,394,21
2025-10-18,C-312 Winter Jacket,13,1899,394,21
2025-10-19,C-312 Winter Jacket,32,1899,394,21
2025-10-20,C-312 Winter Jacket,31,1899,394,21
2025-10-21,C-312 Winter Jacket,34,1899,394,21
2025-10-22,C-312 Winter Jacket,32,1899,394,21
2025-10-23,C-312 Winter Jacket,22,1899,394,21
2025-10-24,C-312 Winter Jacket,23,1899,394,21
2025-10-25,C-312 Winter Jacket,20,1899,394,21
2025-10-26,C-312 Winter Jacket,23,1899,394,21
2025-10-27,C-312 Winter Jacket,25,1899,394,21
2025-10-28,C-312 Winter Jacket,25,1899,394,21
2025-10-29,C-312 Winter Jacket,26,1899,394,21
2025-10-30,C-312 Winter Jacket,20,1899,394,21
2025-10-31,C-312 Winter Jacket,17,1899,394,21
2025-11-01,C-312 Winter Jacket,11,1899,394,21
2025-11-02,C-312 Winter Jacket,13,1899,394,21
2025-11-03,C-312 Winter Jacket,12,1899,394,21
2025-11-04,C-312 Winter Jacket,12,1899,394,21
2025-11-05,C-312 Winter Jacket,12,1899,394,21
2025-11-06,C-312 Winter Jacket,9,1899,394,21
2025-11-07,C-312 Winter Jacket,9,1899,394,21
2025-11-08,C-312 Winter Jacket,8,1899,394,21
2025-11-09,C-312 Winter Jacket,12,1899,394,21
2025-11-10,C-312 Winter Jacket,13,1899,394,21
2025-11-11,C-312 Winter Jacket,11,1899,394,21
2025-11-12,C-312 Winter Jacket,10,1899,394,21
2025-11-13,C-312 Winter Jacket,11,1899,394,21
2025-11-14,C-312 Winter Jacket,8,1899,394,21
2025-11-15,C-312 Winter Jacket,7,1899,394,21
2025-11-16,C-312 Winter Jacket,9,1899,394,21
2025-11-17,C-312 Winter Jacket,9,1899,394,21
2025-11-18,C-312 Winter Jacket,10,1899,394,21
2025-11-19,C-312 Winter Jacket,8,1899,394,21
2025-11-20,C-312 Winter Jacket,9,1899,394,21
2025-11-21,C-312 Winter Jacket,5,1899,394,21
2025-11-22,C-312 Winter Jacket,7,1899,394,21
2025-11-23,C-312 Winter Jacket,6,1899,394,21
2025-11-24,C-312 Winter Jacket,9,1899,394,21
2025-11-25,C-312 Winter Jacket,7,1899,394,21
2025-11-26,C-312 Winter Jacket,7,1899,394,21
2025-11-27,C-312 Winter Jacket,6,1899,394,21
2025-11-28,C-312 Winter Jacket,6,1899,394,21
2025-11-29,C-312 Winter Jacket,4,1899,394,21
2025-11-30,C-312 Winter Jacket,5,1899,394,21
2025-12-01,C-312 Winter Jacket,5,1899,394,21
2025-12-02,C-312 Winter Jacket,6,1899,394,21
2025-12-03,C-312 Winter Jacket,5,1899,394,21
2025-12-04,C-312 Winter Jacket,5,1899,394,21
2025-12-05,C-312 Winter Jacket,4,1899,394,21
2025-12-06,C-312 Winter Jacket,4,1899,394,21
2025-12-07,C-312 Winter Jacket,4,1899,394,21
2025-12-08,C-312 Winter Jacket,6,1899,394,21
2025-12-09,C-312 Winter Jacket,6,1899,394,21
2025-12-10,C-312 Winter Jacket,4,1899,394,21
2025-12-11,C-312 Winter Jacket,4,1899,394,21
2025-12-12,C-312 Winter Jacket,4,1899,394,21
2025-12-13,C-312 Winter Jacket,4,1899,394,21
2025-12-14,C-312 Winter Jacket,4,1899,394,21
2025-12-15,C-312 Winter Jacket,5,1899,394,21
2025-12-16,C-312 Winter Jacket,4,1899,394,21
2025-12-17,C-312 Winter Jacket,5,1899,394,21
2025-12-18,C-312 Winter Jacket,4,1899,394,21
2025-12-19,C-312 Winter Jacket,3,1899,394,21
2025-12-20,C-312 Winter Jacket,4,1899,394,21
2025-12-21,C-312 Winter Jacket,4,1899,394,21
2025-12-22,C-312 Winter Jacket,4,1899,394,21
2025-12-23,C-312 Winter Jacket,5,1899,394,21
2025-12-24,C-312 Winter Jacket,5,1899,394,21
2025-12-25,C-312 Winter Jacket,4,1899,394,21
2025-12-26,C-312 Winter Jacket,4,1899,394,21
2025-12-27,C-312 Winter Jacket,4,1899,394,21
2025-12-28,C-312 Winter Jacket,4,1899,394,21
2025-12-29,C-312 Winter Jacket,4,1899,394,21
2025-12-30,C-312 Winter Jacket,6,1899,394,21
2025-12-31,C-312 Winter Jacket,6,1899,394,21
2026-01-01,C-312 Winter Jacket,4,1899,394,21
2026-01-02,C-312 Winter Jacket,3,1899,394,21
2026-01-03,C-312 Winter Jacket,4,1899,394,21
2026-01-04,C-312 Winter Jacket,5,1899,394,21
2026-01-05,C-312 Winter Jacket,4,1899,394,21
2026-01-06,C-312 Winter Jacket,6,1899,394,21
2026-01-07,C-312 Winter Jacket,5,1899,394,21
2026-01-08,C-312 Winter Jacket,4,1899,394,21
2026-01-09,C-312 Winter Jacket,5,1899,394,21
2026-01-10,C-312 Winter Jacket,4,1899,394,21
2026-01-11,C-312 Winter Jacket,6,1899,394,21
2026-01-12,C-312 Winter Jacket,7,1899,394,21
2026-01-13,C-312 Winter Jacket,8,1899,394,21
2026-01-14,C-312 Winter Jacket,6,1899,394,21
2026-01-15,C-312 Winter Jacket,6,1899,394,21
2026-01-16,C-312 Winter Jacket,5,1899,394,21
2026-01-17,C-312 Winter Jacket,7,1899,394,21
2026-01-18,C-312 Winter Jacket,7,1899,394,21
2026-01-19,C-312 Winter Jacket,7,1899,394,21
2026-01-20,C-312 Winter Jacket,8,1899,394,21
2026-01-21,C-312 Winter Jacket,9,1899,394,21
2026-01-22,C-312 Winter Jacket,7,1899,394,21
2026-01-23,C-312 Winter Jacket,8,1899,394,21
2026-01-24,C-312 Winter Jacket,8,1899,394,21
2026-01-25,C-312 Winter Jacket,8,1899,394,21
2026-01-26,C-312 Winter Jacket,27,1899,394,21
2026-01-27,C-312 Winter Jacket,25,1899,394,21
2026-01-28,C-312 Winter Jacket,29,1899,394,21
2026-01-29,C-312 Winter Jacket,9,1899,394,21
2026-01-30,C-312 Winter Jacket,11,1899,394,21
2026-01-31,C-312 Winter Jacket,9,1899,394,21
2026-02-01,C-312 Winter Jacket,7,1899,394,21
2026-02-02,C-312 Winter Jacket,10,1899,394,21
2026-02-03,C-312 Winter Jacket,12,1899,394,21
2026-02-04,C-312 Winter Jacket,10,1899,394,21
2026-02-05,C-312 Winter Jacket,9,1899,394,21
2026-02-06,C-312 Winter Jacket,9,1899,394,21
2026-02-07,C-312 Winter Jacket,10,1899,394,21
2026-02-08,C-312 Winter Jacket,11,1899,394,21
2026-02-09,C-312 Winter Jacket,37,1899,394,21
2026-02-10,C-312 Winter Jacket,47,1899,394,21
2026-02-11,C-312 Winter Jacket,38,1899,394,21
2026-02-12,C-312 Winter Jacket,11,1899,394,21
2026-02-13,C-312 Winter Jacket,9,1899,394,21
2026-02-14,C-312 Winter Jacket,11,1899,394,21
2026-02-15,C-312 Winter Jacket,15,1899,394,21
2026-02-16,C-312 Winter Jacket,13,1899,394,21
2026-02-17,C-312 Winter Jacket,16,1899,394,21
2026-02-18,C-312 Winter Jacket,17,1899,394,21
2026-02-19,C-312 Winter Jacket,13,1899,394,21
2026-02-20,C-312 Winter Jacket,13,1899,394,21
2026-02-21,C-312 Winter Jacket,12,1899,394,21
2026-02-22,C-312 Winter Jacket,18,1899,394,21
2026-02-23,C-312 Winter Jacket,21,1899,394,21
2026-02-24,C-312 Winter Jacket,20,1899,394,21
2026-02-25,C-312 Winter Jacket,14,1899,394,21
2026-02-26,C-312 Winter Jacket,14,1899,394,21
2026-02-27,C-312 Winter Jacket,17,1899,394,21
2026-02-28,C-312 Winter Jacket,19,1899,394,21
2026-03-01,C-312 Winter Jacket,19,1899,394,21
2026-03-02,C-312 Winter Jacket,24,1899,394,21
2026-03-03,C-312 Winter Jacket,20,1899,394,21
2026-03-04,C-312 Winter Jacket,20,1899,394,21
2026-03-05,C-312 Winter Jacket,18,1899,394,21
2026-03-06,C-312 Winter Jacket,18,1899,394,21
2026-03-07,C-312 Winter Jacket,15,1899,394,21
2026-03-08,C-312 Winter Jacket,23,1899,394,21
2026-03-09,C-312 Winter Jacket,27,1899,394,21
2026-03-10,C-312 Winter Jacket,21,1899,394,21
2026-03-11,C-312 Winter Jacket,19,1899,394,21
2026-03-12,C-312 Winter Jacket,2,1899,394,21
2026-03-13,C-312 Winter Jacket,2,1899,394,21
2026-03-14,C-312 Winter Jacket,14,1899,394,21
2026-03-15,C-312 Winter Jacket,25,1899,394,21
2026-03-16,C-312 Winter Jacket,26,1899,394,21
2026-03-17,C-312 Winter Jacket,26,1899,394,21
2026-03-18,C-312 Winter Jacket,32,1899,394,21
2026-03-19,C-312 Winter Jacket,23,1899,394,21
2026-03-20,C-312 Winter Jacket,19,1899,394,21
2026-03-21,C-312 Winter Jacket,22,1899,394,21
2026-03-22,C-312 Winter Jacket,22,1899,394,21
2026-03-23,C-312 Winter Jacket,26,1899,394,21
2026-03-24,C-312 Winter Jacket,31,1899,394,21
2026-03-25,C-312 Winter Jacket,26,1899,394,21
2026-03-26,C-312 Winter Jacket,24,1899,394,21
2026-03-27,C-312 Winter Jacket,28,1899,394,21
2026-03-28,C-312 Winter Jacket,27,1899,394,21
2026-03-29,C-312 Winter Jacket,30,1899,394,21
2026-03-30,C-312 Winter Jacket,33,1899,394,21
2026-03-31,C-312 Winter Jacket,34,1899,394,21
2026-04-01,C-312 Winter Jacket,36,1899,394,21
2026-04-02,C-312 Winter Jacket,27,1899,394,21
2026-04-03,C-312 Winter Jacket,31,1899,394,21
2026-04-04,C-312 Winter Jacket,23,1899,394,21
2026-04-05,C-312 Winter Jacket,29,1899,394,21
2026-04-06,C-312 Winter Jacket,28,1899,394,21
2026-04-07,C-312 Winter Jacket,34,1899,394,21
2026-04-08,C-312 Winter Jacket,35,1899,394,21
2026-04-09,C-312 Winter Jacket,34,1899,394,21
2026-04-10,C-312 Winter Jacket,25,1899,394,21
2026-04-11,C-312 Winter Jacket,28,1899,394,21
2026-04-12,C-312 Winter Jacket,31,1899,394,21
2026-04-13,C-312 Winter Jacket,33,1899,394,21
2026-04-14,C-312 Winter Jacket,32,1899,394,21
2026-04-15,C-312 Winter Jacket,35,1899,394,21
2026-04-16,C-312 Winter Jacket,25,1899,394,21
2026-04-17,C-312 Winter Jacket,29,1899,394,21
2026-04-18,C-312 Winter Jacket,30,1899,394,21
2026-04-19,C-312 Winter Jacket,31,1899,394,21
2026-04-20,C-312 Winter Jacket,34,1899,394,21
2026-04-21,C-312 Winter Jacket,33,1899,394,21
2026-04-22,C-312 Winter Jacket,45,1899,394,21
2026-04-23,C-312 Winter Jacket,27,1899,394,21
2026-04-24,C-312 Winter Jacket,36,1899,394,21
2026-04-25,C-312 Winter Jacket,34,1899,394,21
2026-04-26,C-312 Winter Jacket,34,1899,394,21
2026-04-27,C-312 Winter Jacket,35,1899,394,21
2026-04-28,C-312 Winter Jacket,47,1899,394,21
2026-04-29,C-312 Winter Jacket,47,1899,394,21
2026-04-30,C-312 Winter Jacket,31,1899,394,21
2026-05-01,C-312 Winter Jacket,30,1899,394,21
2026-05-02,C-312 Winter Jacket,37,1899,394,21
2026-05-03,C-312 Winter Jacket,39,1899,394,21
2026-05-04,C-312 Winter Jacket,52,1899,394,21
2026-05-05,C-312 Winter Jacket,40,1899,394,21
2026-05-06,C-312 Winter Jacket,43,1899,394,21
2026-05-07,C-312 Winter Jacket,30,1899,394,21
2026-05-08,C-312 Winter Jacket,41,1899,394,21
2026-05-09,C-312 Winter Jacket,31,1899,394,21
2026-05-10,C-312 Winter Jacket,29,1899,394,21
2026-05-11,C-312 Winter Jacket,43,1899,394,21
2026-05-12,C-312 Winter Jacket,44,1899,394,21
2026-05-13,C-312 Winter Jacket,51,1899,394,21
2026-05-14,C-312 Winter Jacket,35,1899,394,21
2026-05-15,C-312 Winter Jacket,34,1899,394,21
2026-05-16,C-312 Winter Jacket,38,1899,394,21
2026-05-17,C-312 Winter Jacket,48,1899,394,21
2026-05-18,C-312 Winter Jacket,44,1899,394,21
2026-05-19,C-312 Winter Jacket,52,1899,394,21
2026-05-20,C-312 Winter Jacket,46,1899,394,21
2026-05-21,C-312 Winter Jacket,36,1899,394,21
2026-05-22,C-312 Winter Jacket,35,1899,394,21
2026-05-23,C-312 Winter Jacket,36,1899,394,21
2026-05-24,C-312 Winter Jacket,36,1899,394,21
2026-05-25,C-312 Winter Jacket,52,1899,394,21
2026-05-26,C-312 Winter Jacket,39,1899,394,21
2026-05-27,C-312 Winter Jacket,50,1899,394,21
2026-05-28,C-312 Winter Jacket,43,1899,394,21
2026-05-29,C-312 Winter Jacket,35,1899,394,21
2026-05-30,C-312 Winter Jacket,33,1899,394,21
2026-05-31,C-312 Winter Jacket,40,1899,394,21
2026-06-01,C-312 Winter Jacket,49,1899,394,21
2026-06-02,C-312 Winter Jacket,52,1899,394,21
2026-06-03,C-312 Winter Jacket,46,1899,394,21
2026-06-04,C-312 Winter Jacket,44,1899,394,21
2026-06-05,C-312 Winter Jacket,33,1899,394,21
2026-06-06,C-312 Winter Jacket,38,1899,394,21
2026-06-07,C-312 Winter Jacket,34,1899,394,21
2026-06-08,C-312 Winter Jacket,51,1899,394,21
2026-06-09,C-312 Winter Jacket,49,1899,394,21
2026-06-10,C-312 Winter Jacket,42,1899,394,21
2026-06-11,C-312 Winter Jacket,44,1899,394,21
2026-06-12,C-312 Winter Jacket,39,1899,394,21
2026-06-13,C-312 Winter Jacket,24,1899,394,21
2026-06-14,C-312 Winter Jacket,42,1899,394,21
2026-06-15,C-312 Winter Jacket,38,1899,394,21
2026-06-16,C-312 Winter Jacket,54,1899,394,21
2026-06-17,C-312 Winter Jacket,58,1899,394,21
2026-06-18,C-312 Winter Jacket,37,1899,394,21
2026-06-19,C-312 Winter Jacket,36,1899,394,21
2026-06-20,C-312 Winter Jacket,36,1899,394,21
2026-06-21,C-312 Winter Jacket,43,1899,394,21
2026-06-22,C-312 Winter Jacket,50,1899,394,21
2026-06-23,C-312 Winter Jacket,55,1899,394,21
2026-06-24,C-312 Winter Jacket,39,1899,394,21
2026-06-25,C-312 Winter Jacket,46,1899,394,21
2026-06-26,C-312 Winter Jacket,31,1899,394,21
2026-06-27,C-312 Winter Jacket,37,1899,394,21
2026-06-28,C-312 Winter Jacket,47,1899,394,21
2026-06-29,C-312 Winter Jacket,50,1899,394,21
2026-06-30,C-312 Winter Jacket,41,1899,394,21
2026-07-01,C-312 Winter Jacket,40,1899,394,21
2026-07-02,C-312 Winter Jacket,36,1899,394,21
2026-07-03,C-312 Winter Jacket,34,1899,394,21
2026-07-04,C-312 Winter Jacket,40,1899,394,21
2026-07-05,C-312 Winter Jacket,34,1899,394,21
2026-07-06,C-312 Winter Jacket,47,1899,394,21
2026-07-07,C-312 Winter Jacket,49,1899,394,21
2026-07-08,C-312 Winter Jacket,45,1899,394,21
2026-07-09,C-312 Winter Jacket,39,1899,394,21
2026-07-10,C-312 Winter Jacket,40,1899,394,21
2026-07-11,C-312 Winter Jacket,37,1899,394,21
2026-07-12,C-312 Winter Jacket,43,1899,394,21
2026-07-13,C-312 Winter Jacket,47,1899,394,21
2026-07-14,C-312 Winter Jacket,54,1899,394,21
2026-07-15,C-312 Winter Jacket,32,1899,394,21
2026-07-16,C-312 Winter Jacket,41,1899,394,21
2026-07-17,C-312 Winter Jacket,99,1899,394,21
2026-07-18,C-312 Winter Jacket,102,1899,394,21
2026-07-19,C-312 Winter Jacket,105,1899,394,21
2026-07-20,C-312 Winter Jacket,33,1899,394,21
2026-07-21,C-312 Winter Jacket,41,1899,394,21
2026-07-22,C-312 Winter Jacket,36,1899,394,21
2026-07-23,C-312 Winter Jacket,37,1899,394,21
2026-07-24,C-312 Winter Jacket,26,1899,394,21
2026-07-25,C-312 Winter Jacket,117,1899,394,21
2026-07-26,C-312 Winter Jacket,116,1899,394,21
2026-07-27,C-312 Winter Jacket,121,1899,394,21
2026-07-28,C-312 Winter Jacket,87,1899,394,21
2026-07-29,C-312 Winter Jacket,79,1899,394,21
2026-07-30,C-312 Winter Jacket,66,1899,394,21
2026-07-31,C-312 Winter Jacket,28,1899,394,21
2026-08-01,C-312 Winter Jacket,31,1899,394,21
2026-08-02,C-312 Winter Jacket,34,1899,394,21
2026-08-03,C-312 Winter Jacket,32,1899,394,21
2026-08-04,C-312 Winter Jacket,38,1899,394,21
2026-08-05,C-312 Winter Jacket,32,1899,394,21
2026-08-06,C-312 Winter Jacket,32,1899,394,21
2026-08-07,C-312 Winter Jacket,35,1899,394,21
2026-08-08,C-312 Winter Jacket,3,1899,394,21
2026-08-09,C-312 Winter Jacket,3,1899,394,21
2026-08-10,C-312 Winter Jacket,29,1899,394,21
2026-08-11,C-312 Winter Jacket,31,1899,394,21
2026-08-12,C-312 Winter Jacket,27,1899,394,21
2026-08-13,C-312 Winter Jacket,32,1899,394,21
2026-08-14,C-312 Winter Jacket,24,1899,394,21
2026-08-15,C-312 Winter Jacket,28,1899,394,21
2026-08-16,C-312 Winter Jacket,29,1899,394,21
2026-08-17,C-312 Winter Jacket,35,1899,394,21
2026-08-18,C-312 Winter Jacket,41,1899,394,21
2026-08-19,C-312 Winter Jacket,29,1899,394,21
2026-08-20,C-312 Winter Jacket,27,1899,394,21
2026-08-21,C-312 Winter Jacket,23,1899,394,21
2026-08-22,C-312 Winter Jacket,28,1899,394,21
2026-08-23,C-312 Winter Jacket,25,1899,394,21
2026-08-24,C-312 Winter Jacket,27,1899,394,21
2026-08-25,C-312 Winter Jacket,27,1899,394,21
2026-08-26,C-312 Winter Jacket,25,1899,394,21
2026-08-27,C-312 Winter Jacket,27,1899,394,21
2026-08-28,C-312 Winter Jacket,30,1899,394,21
2026-08-29,C-312 Winter Jacket,21,1899,394,21
2026-08-30,C-312 Winter Jacket,30,1899,394,21
2026-08-31,C-312 Winter Jacket,30,1899,394,21
2026-09-01,C-312 Winter Jacket,26,1899,394,21
2026-09-02,C-312 Winter Jacket,26,1899,394,21
2026-09-03,C-312 Winter Jacket,23,1899,394,21
2026-09-04,C-312 Winter Jacket,20,1899,394,21
2026-09-05,C-312 Winter Jacket,27,1899,394,21
2026-09-06,C-312 Winter Jacket,19,1899,394,21
2026-09-07,C-312 Winter Jacket,64,1899,394,21
2026-09-08,C-312 Winter Jacket,64,1899,394,21
2026-09-09,C-312 Winter Jacket,53,1899,394,21
2026-09-10,C-312 Winter Jacket,22,1899,394,21
2026-09-11,C-312 Winter Jacket,21,1899,394,21
2026-09-12,C-312 Winter Jacket,20,1899,394,21
2026-09-13,C-312 Winter Jacket,23,1899,394,21
2026-09-14,C-312 Winter Jacket,26,1899,394,21
2026-09-15,C-312 Winter Jacket,19,1899,394,21
2026-09-16,C-312 Winter Jacket,26,1899,394,21
2026-09-17,C-312 Winter Jacket,25,1899,394,21
2024-09-18,D-418 Bluetooth Buds,66,2499,3175,14
2024-09-19,D-418 Bluetooth Buds,50,2499,3175,14
2024-09-20,D-418 Bluetooth Buds,49,2499,3175,14
2024-09-21,D-418 Bluetooth Buds,59,2499,3175,14
2024-09-22,D-418 Bluetooth Buds,67,2499,3175,14
2024-09-23,D-418 Bluetooth Buds,74,2499,3175,14
2024-09-24,D-418 Bluetooth Buds,81,2499,3175,14
2024-09-25,D-418 Bluetooth Buds,82,2499,3175,14
2024-09-26,D-418 Bluetooth Buds,48,2499,3175,14
2024-09-27,D-418 Bluetooth Buds,49,2499,3175,14
2024-09-28,D-418 Bluetooth Buds,53,2499,3175,14
2024-09-29,D-418 Bluetooth Buds,63,2499,3175,14
2024-09-30,D-418 Bluetooth Buds,85,2499,3175,14
2024-10-01,D-418 Bluetooth Buds,91,2499,3175,14
2024-10-02,D-418 Bluetooth Buds,84,2499,3175,14
2024-10-03,D-418 Bluetooth Buds,46,2499,3175,14
2024-10-04,D-418 Bluetooth Buds,46,2499,3175,14
2024-10-05,D-418 Bluetooth Buds,42,2499,3175,14
2024-10-06,D-418 Bluetooth Buds,55,2499,3175,14
2024-10-07,D-418 Bluetooth Buds,78,2499,3175,14
2024-10-08,D-418 Bluetooth Buds,79,2499,3175,14
2024-10-09,D-418 Bluetooth Buds,61,2499,3175,14
2024-10-10,D-418 Bluetooth Buds,41,2499,3175,14
2024-10-11,D-418 Bluetooth Buds,35,2499,3175,14
2024-10-12,D-418 Bluetooth Buds,51,2499,3175,14
2024-10-13,D-418 Bluetooth Buds,73,2499,3175,14
2024-10-14,D-418 Bluetooth Buds,81,2499,3175,14
2024-10-15,D-418 Bluetooth Buds,90,2499,3175,14
2024-10-16,D-418 Bluetooth Buds,63,2499,3175,14
2024-10-17,D-418 Bluetooth Buds,49,2499,3175,14
2024-10-18,D-418 Bluetooth Buds,40,2499,3175,14
2024-10-19,D-418 Bluetooth Buds,58,2499,3175,14
2024-10-20,D-418 Bluetooth Buds,81,2499,3175,14
2024-10-21,D-418 Bluetooth Buds,118,2499,3175,14
2024-10-22,D-418 Bluetooth Buds,118,2499,3175,14
2024-10-23,D-418 Bluetooth Buds,92,2499,3175,14
2024-10-24,D-418 Bluetooth Buds,81,2499,3175,14
2024-10-25,D-418 Bluetooth Buds,58,2499,3175,14
2024-10-26,D-418 Bluetooth Buds,73,2499,3175,14
2024-10-27,D-418 Bluetooth Buds,5,2499,3175,14
2024-10-28,D-418 Bluetooth Buds,6,2499,3175,14
2024-10-29,D-418 Bluetooth Buds,121,2499,3175,14
2024-10-30,D-418 Bluetooth Buds,100,2499,3175,14
2024-10-31,D-418 Bluetooth Buds,69,2499,3175,14
2024-11-01,D-418 Bluetooth Buds,35,2499,3175,14
2024-11-02,D-418 Bluetooth Buds,44,2499,3175,14
2024-11-03,D-418 Bluetooth Buds,59,2499,3175,14
2024-11-04,D-418 Bluetooth Buds,80,2499,3175,14
2024-11-05,D-418 Bluetooth Buds,58,2499,3175,14
2024-11-06,D-418 Bluetooth Buds,60,2499,3175,14
2024-11-07,D-418 Bluetooth Buds,44,2499,3175,14
2024-11-08,D-418 Bluetooth Buds,36,2499,3175,14
2024-11-09,D-418 Bluetooth Buds,37,2499,3175,14
2024-11-10,D-418 Bluetooth Buds,50,2499,3175,14
2024-11-11,D-418 Bluetooth Buds,75,2499,3175,14
2024-11-12,D-418 Bluetooth Buds,73,2499,3175,14
2024-11-13,D-418 Bluetooth Buds,53,2499,3175,14
2024-11-14,D-418 Bluetooth Buds,52,2499,3175,14
2024-11-15,D-418 Bluetooth Buds,39,2499,3175,14
2024-11-16,D-418 Bluetooth Buds,36,2499,3175,14
2024-11-17,D-418 Bluetooth Buds,58,2499,3175,14
2024-11-18,D-418 Bluetooth Buds,61,2499,3175,14
2024-11-19,D-418 Bluetooth Buds,80,2499,3175,14
2024-11-20,D-418 Bluetooth Buds,59,2499,3175,14
2024-11-21,D-418 Bluetooth Buds,40,2499,3175,14
2024-11-22,D-418 Bluetooth Buds,33,2499,3175,14
2024-11-23,D-418 Bluetooth Buds,34,2499,3175,14
2024-11-24,D-418 Bluetooth Buds,53,2499,3175,14
2024-11-25,D-418 Bluetooth Buds,68,2499,3175,14
2024-11-26,D-418 Bluetooth Buds,70,2499,3175,14
2024-11-27,D-418 Bluetooth Buds,56,2499,3175,14
2024-11-28,D-418 Bluetooth Buds,25,2499,3175,14
2024-11-29,D-418 Bluetooth Buds,34,2499,3175,14
2024-11-30,D-418 Bluetooth Buds,29,2499,3175,14
2024-12-01,D-418 Bluetooth Buds,53,2499,3175,14
2024-12-02,D-418 Bluetooth Buds,75,2499,3175,14
2024-12-03,D-418 Bluetooth Buds,71,2499,3175,14
2024-12-04,D-418 Bluetooth Buds,57,2499,3175,14
2024-12-05,D-418 Bluetooth Buds,43,2499,3175,14
2024-12-06,D-418 Bluetooth Buds,33,2499,3175,14
2024-12-07,D-418 Bluetooth Buds,35,2499,3175,14
2024-12-08,D-418 Bluetooth Buds,48,2499,3175,14
2024-12-09,D-418 Bluetooth Buds,58,2499,3175,14
2024-12-10,D-418 Bluetooth Buds,79,2499,3175,14
2024-12-11,D-418 Bluetooth Buds,59,2499,3175,14
2024-12-12,D-418 Bluetooth Buds,49,2499,3175,14
2024-12-13,D-418 Bluetooth Buds,33,2499,3175,14
2024-12-14,D-418 Bluetooth Buds,38,2499,3175,14
2024-12-15,D-418 Bluetooth Buds,51,2499,3175,14
2024-12-16,D-418 Bluetooth Buds,69,2499,3175,14
2024-12-17,D-418 Bluetooth Buds,76,2499,3175,14
2024-12-18,D-418 Bluetooth Buds,61,2499,3175,14
2024-12-19,D-418 Bluetooth Buds,40,2499,3175,14
2024-12-20,D-418 Bluetooth Buds,31,2499,3175,14
2024-12-21,D-418 Bluetooth Buds,45,2499,3175,14
2024-12-22,D-418 Bluetooth Buds,50,2499,3175,14
2024-12-23,D-418 Bluetooth Buds,64,2499,3175,14
2024-12-24,D-418 Bluetooth Buds,82,2499,3175,14
2024-12-25,D-418 Bluetooth Buds,68,2499,3175,14
2024-12-26,D-418 Bluetooth Buds,47,2499,3175,14
2024-12-27,D-418 Bluetooth Buds,33,2499,3175,14
2024-12-28,D-418 Bluetooth Buds,49,2499,3175,14
2024-12-29,D-418 Bluetooth Buds,55,2499,3175,14
2024-12-30,D-418 Bluetooth Buds,72,2499,3175,14
2024-12-31,D-418 Bluetooth Buds,70,2499,3175,14
2025-01-01,D-418 Bluetooth Buds,51,2499,3175,14
2025-01-02,D-418 Bluetooth Buds,38,2499,3175,14
2025-01-03,D-418 Bluetooth Buds,37,2499,3175,14
2025-01-04,D-418 Bluetooth Buds,41,2499,3175,14
2025-01-05,D-418 Bluetooth Buds,52,2499,3175,14
2025-01-06,D-418 Bluetooth Buds,59,2499,3175,14
2025-01-07,D-418 Bluetooth Buds,60,2499,3175,14
2025-01-08,D-418 Bluetooth Buds,60,2499,3175,14
2025-01-09,D-418 Bluetooth Buds,38,2499,3175,14
2025-01-10,D-418 Bluetooth Buds,40,2499,3175,14
2025-01-11,D-418 Bluetooth Buds,46,2499,3175,14
2025-01-12,D-418 Bluetooth Buds,74,2499,3175,14
2025-01-13,D-418 Bluetooth Buds,78,2499,3175,14
2025-01-14,D-418 Bluetooth Buds,69,2499,3175,14
2025-01-15,D-418 Bluetooth Buds,58,2499,3175,14
2025-01-16,D-418 Bluetooth Buds,65,2499,3175,14
2025-01-17,D-418 Bluetooth Buds,81,2499,3175,14
2025-01-18,D-418 Bluetooth Buds,94,2499,3175,14
2025-01-19,D-418 Bluetooth Buds,64,2499,3175,14
2025-01-20,D-418 Bluetooth Buds,78,2499,3175,14
2025-01-21,D-418 Bluetooth Buds,83,2499,3175,14
2025-01-22,D-418 Bluetooth Buds,68,2499,3175,14
2025-01-23,D-418 Bluetooth Buds,53,2499,3175,14
2025-01-24,D-418 Bluetooth Buds,45,2499,3175,14
2025-01-25,D-418 Bluetooth Buds,37,2499,3175,14
2025-01-26,D-418 Bluetooth Buds,56,2499,3175,14
2025-01-27,D-418 Bluetooth Buds,63,2499,3175,14
2025-01-28,D-418 Bluetooth Buds,96,2499,3175,14
2025-01-29,D-418 Bluetooth Buds,80,2499,3175,14
2025-01-30,D-418 Bluetooth Buds,56,2499,3175,14
2025-01-31,D-418 Bluetooth Buds,34,2499,3175,14
2025-02-01,D-418 Bluetooth Buds,45,2499,3175,14
2025-02-02,D-418 Bluetooth Buds,60,2499,3175,14
2025-02-03,D-418 Bluetooth Buds,79,2499,3175,14
2025-02-04,D-418 Bluetooth Buds,81,2499,3175,14
2025-02-05,D-418 Bluetooth Buds,76,2499,3175,14
2025-02-06,D-418 Bluetooth Buds,51,2499,3175,14
2025-02-07,D-418 Bluetooth Buds,46,2499,3175,14
2025-02-08,D-418 Bluetooth Buds,48,2499,3175,14
2025-02-09,D-418 Bluetooth Buds,62,2499,3175,14
2025-02-10,D-418 Bluetooth Buds,81,2499,3175,14
2025-02-11,D-418 Bluetooth Buds,82,2499,3175,14
2025-02-12,D-418 Bluetooth Buds,82,2499,3175,14
2025-02-13,D-418 Bluetooth Buds,54,2499,3175,14
2025-02-14,D-418 Bluetooth Buds,45,2499,3175,14
2025-02-15,D-418 Bluetooth Buds,46,2499,3175,14
2025-02-16,D-418 Bluetooth Buds,55,2499,3175,14
2025-02-17,D-418 Bluetooth Buds,95,2499,3175,14
2025-02-18,D-418 Bluetooth Buds,79,2499,3175,14
2025-02-19,D-418 Bluetooth Buds,85,2499,3175,14
2025-02-20,D-418 Bluetooth Buds,61,2499,3175,14
2025-02-21,D-418 Bluetooth Buds,36,2499,3175,14
2025-02-22,D-418 Bluetooth Buds,45,2499,3175,14
2025-02-23,D-418 Bluetooth Buds,66,2499,3175,14
2025-02-24,D-418 Bluetooth Buds,81,2499,3175,14
2025-02-25,D-418 Bluetooth Buds,82,2499,3175,14
2025-02-26,D-418 Bluetooth Buds,90,2499,3175,14
2025-02-27,D-418 Bluetooth Buds,59,2499,3175,14
2025-02-28,D-418 Bluetooth Buds,50,2499,3175,14
2025-03-01,D-418 Bluetooth Buds,50,2499,3175,14
2025-03-02,D-418 Bluetooth Buds,76,2499,3175,14
2025-03-03,D-418 Bluetooth Buds,86,2499,3175,14
2025-03-04,D-418 Bluetooth Buds,99,2499,3175,14
2025-03-05,D-418 Bluetooth Buds,92,2499,3175,14
2025-03-06,D-418 Bluetooth Buds,64,2499,3175,14
2025-03-07,D-418 Bluetooth Buds,47,2499,3175,14
2025-03-08,D-418 Bluetooth Buds,48,2499,3175,14
2025-03-09,D-418 Bluetooth Buds,78,2499,3175,14
2025-03-10,D-418 Bluetooth Buds,103,2499,3175,14
2025-03-11,D-418 Bluetooth Buds,101,2499,3175,14
2025-03-12,D-418 Bluetooth Buds,82,2499,3175,14
2025-03-13,D-418 Bluetooth Buds,71,2499,3175,14
2025-03-14,D-418 Bluetooth Buds,68,2499,3175,14
2025-03-15,D-418 Bluetooth Buds,56,2499,3175,14
2025-03-16,D-418 Bluetooth Buds,84,2499,3175,14
2025-03-17,D-418 Bluetooth Buds,108,2499,3175,14
2025-03-18,D-418 Bluetooth Buds,76,2499,3175,14
2025-03-19,D-418 Bluetooth Buds,96,2499,3175,14
2025-03-20,D-418 Bluetooth Buds,64,2499,3175,14
2025-03-21,D-418 Bluetooth Buds,64,2499,3175,14
2025-03-22,D-418 Bluetooth Buds,59,2499,3175,14
2025-03-23,D-418 Bluetooth Buds,76,2499,3175,14
2025-03-24,D-418 Bluetooth Buds,105,2499,3175,14
2025-03-25,D-418 Bluetooth Buds,116,2499,3175,14
2025-03-26,D-418 Bluetooth Buds,92,2499,3175,14
2025-03-27,D-418 Bluetooth Buds,73,2499,3175,14
2025-03-28,D-418 Bluetooth Buds,48,2499,3175,14
2025-03-29,D-418 Bluetooth Buds,62,2499,3175,14
2025-03-30,D-418 Bluetooth Buds,96,2499,3175,14
2025-03-31,D-418 Bluetooth Buds,139,2499,3175,14
2025-04-01,D-418 Bluetooth Buds,129,2499,3175,14
2025-04-02,D-418 Bluetooth Buds,106,2499,3175,14
2025-04-03,D-418 Bluetooth Buds,87,2499,3175,14
2025-04-04,D-418 Bluetooth Buds,67,2499,3175,14
2025-04-05,D-418 Bluetooth Buds,212,2499,3175,14
2025-04-06,D-418 Bluetooth Buds,277,2499,3175,14
2025-04-07,D-418 Bluetooth Buds,309,2499,3175,14
2025-04-08,D-418 Bluetooth Buds,128,2499,3175,14
2025-04-09,D-418 Bluetooth Buds,110,2499,3175,14
2025-04-10,D-418 Bluetooth Buds,82,2499,3175,14
2025-04-11,D-418 Bluetooth Buds,63,2499,3175,14
2025-04-12,D-418 Bluetooth Buds,62,2499,3175,14
2025-04-13,D-418 Bluetooth Buds,71,2499,3175,14
2025-04-14,D-418 Bluetooth Buds,112,2499,3175,14
2025-04-15,D-418 Bluetooth Buds,98,2499,3175,14
2025-04-16,D-418 Bluetooth Buds,112,2499,3175,14
2025-04-17,D-418 Bluetooth Buds,82,2499,3175,14
2025-04-18,D-418 Bluetooth Buds,51,2499,3175,14
2025-04-19,D-418 Bluetooth Buds,77,2499,3175,14
2025-04-20,D-418 Bluetooth Buds,109,2499,3175,14
2025-04-21,D-418 Bluetooth Buds,128,2499,3175,14
2025-04-22,D-418 Bluetooth Buds,160,2499,3175,14
2025-04-23,D-418 Bluetooth Buds,141,2499,3175,14
2025-04-24,D-418 Bluetooth Buds,73,2499,3175,14
2025-04-25,D-418 Bluetooth Buds,75,2499,3175,14
2025-04-26,D-418 Bluetooth Buds,78,2499,3175,14
2025-04-27,D-418 Bluetooth Buds,107,2499,3175,14
2025-04-28,D-418 Bluetooth Buds,145,2499,3175,14
2025-04-29,D-418 Bluetooth Buds,126,2499,3175,14
2025-04-30,D-418 Bluetooth Buds,111,2499,3175,14
2025-05-01,D-418 Bluetooth Buds,79,2499,3175,14
2025-05-02,D-418 Bluetooth Buds,63,2499,3175,14
2025-05-03,D-418 Bluetooth Buds,75,2499,3175,14
2025-05-04,D-418 Bluetooth Buds,87,2499,3175,14
2025-05-05,D-418 Bluetooth Buds,118,2499,3175,14
2025-05-06,D-418 Bluetooth Buds,152,2499,3175,14
2025-05-07,D-418 Bluetooth Buds,122,2499,3175,14
2025-05-08,D-418 Bluetooth Buds,95,2499,3175,14
2025-05-09,D-418 Bluetooth Buds,55,2499,3175,14
2025-05-10,D-418 Bluetooth Buds,71,2499,3175,14
2025-05-11,D-418 Bluetooth Buds,101,2499,3175,14
2025-05-12,D-418 Bluetooth Buds,139,2499,3175,14
2025-05-13,D-418 Bluetooth Buds,136,2499,3175,14
2025-05-14,D-418 Bluetooth Buds,140,2499,3175,14
2025-05-15,D-418 Bluetooth Buds,93,2499,3175,14
2025-05-16,D-418 Bluetooth Buds,73,2499,3175,14
2025-05-17,D-418 Bluetooth Buds,81,2499,3175,14
2025-05-18,D-418 Bluetooth Buds,121,2499,3175,14
2025-05-19,D-418 Bluetooth Buds,134,2499,3175,14
2025-05-20,D-418 Bluetooth Buds,170,2499,3175,14
2025-05-21,D-418 Bluetooth Buds,136,2499,3175,14
2025-05-22,D-418 Bluetooth Buds,97,2499,3175,14
2025-05-23,D-418 Bluetooth Buds,75,2499,3175,14
2025-05-24,D-418 Bluetooth Buds,87,2499,3175,14
2025-05-25,D-418 Bluetooth Buds,127,2499,3175,14
2025-05-26,D-418 Bluetooth Buds,161,2499,3175,14
2025-05-27,D-418 Bluetooth Buds,160,2499,3175,14
2025-05-28,D-418 Bluetooth Buds,146,2499,3175,14
2025-05-29,D-418 Bluetooth Buds,99,2499,3175,14
2025-05-30,D-418 Bluetooth Buds,87,2499,3175,14
2025-05-31,D-418 Bluetooth Buds,84,2499,3175,14
2025-06-01,D-418 Bluetooth Buds,87,2499,3175,14
2025-06-02,D-418 Bluetooth Buds,171,2499,3175,14
2025-06-03,D-418 Bluetooth Buds,158,2499,3175,14
2025-06-04,D-418 Bluetooth Buds,115,2499,3175,14
2025-06-05,D-418 Bluetooth Buds,97,2499,3175,14
2025-06-06,D-418 Bluetooth Buds,69,2499,3175,14
2025-06-07,D-418 Bluetooth Buds,107,2499,3175,14
2025-06-08,D-418 Bluetooth Buds,124,2499,3175,14
2025-06-09,D-418 Bluetooth Buds,122,2499,3175,14
2025-06-10,D-418 Bluetooth Buds,168,2499,3175,14
2025-06-11,D-418 Bluetooth Buds,129,2499,3175,14
2025-06-12,D-418 Bluetooth Buds,123,2499,3175,14
2025-06-13,D-418 Bluetooth Buds,68,2499,3175,14
2025-06-14,D-418 Bluetooth Buds,63,2499,3175,14
2025-06-15,D-418 Bluetooth Buds,120,2499,3175,14
2025-06-16,D-418 Bluetooth Buds,145,2499,3175,14
2025-06-17,D-418 Bluetooth Buds,152,2499,3175,14
2025-06-18,D-418 Bluetooth Buds,102,2499,3175,14
2025-06-19,D-418 Bluetooth Buds,106,2499,3175,14
2025-06-20,D-418 Bluetooth Buds,95,2499,3175,14
2025-06-21,D-418 Bluetooth Buds,67,2499,3175,14
2025-06-22,D-418 Bluetooth Buds,137,2499,3175,14
2025-06-23,D-418 Bluetooth Buds,142,2499,3175,14
2025-06-24,D-418 Bluetooth Buds,206,2499,3175,14
2025-06-25,D-418 Bluetooth Buds,146,2499,3175,14
2025-06-26,D-418 Bluetooth Buds,100,2499,3175,14
2025-06-27,D-418 Bluetooth Buds,90,2499,3175,14
2025-06-28,D-418 Bluetooth Buds,93,2499,3175,14
2025-06-29,D-418 Bluetooth Buds,112,2499,3175,14
2025-06-30,D-418 Bluetooth Buds,166,2499,3175,14
2025-07-01,D-418 Bluetooth Buds,152,2499,3175,14
2025-07-02,D-418 Bluetooth Buds,109,2499,3175,14
2025-07-03,D-418 Bluetooth Buds,127,2499,3175,14
2025-07-04,D-418 Bluetooth Buds,76,2499,3175,14
2025-07-05,D-418 Bluetooth Buds,81,2499,3175,14
2025-07-06,D-418 Bluetooth Buds,125,2499,3175,14
2025-07-07,D-418 Bluetooth Buds,125,2499,3175,14
2025-07-08,D-418 Bluetooth Buds,135,2499,3175,14
2025-07-09,D-418 Bluetooth Buds,130,2499,3175,14
2025-07-10,D-418 Bluetooth Buds,96,2499,3175,14
2025-07-11,D-418 Bluetooth Buds,80,2499,3175,14
2025-07-12,D-418 Bluetooth Buds,99,2499,3175,14
2025-07-13,D-418 Bluetooth Buds,113,2499,3175,14
2025-07-14,D-418 Bluetooth Buds,162,2499,3175,14
2025-07-15,D-418 Bluetooth Buds,173,2499,3175,14
2025-07-16,D-418 Bluetooth Buds,120,2499,3175,14
2025-07-17,D-418 Bluetooth Buds,105,2499,3175,14
2025-07-18,D-418 Bluetooth Buds,70,2499,3175,14
2025-07-19,D-418 Bluetooth Buds,98,2499,3175,14
2025-07-20,D-418 Bluetooth Buds,126,2499,3175,14
2025-07-21,D-418 Bluetooth Buds,153,2499,3175,14
2025-07-22,D-418 Bluetooth Buds,134,2499,3175,14
2025-07-23,D-418 Bluetooth Buds,139,2499,3175,14
2025-07-24,D-418 Bluetooth Buds,92,2499,3175,14
2025-07-25,D-418 Bluetooth Buds,85,2499,3175,14
2025-07-26,D-418 Bluetooth Buds,85,2499,3175,14
2025-07-27,D-418 Bluetooth Buds,107,2499,3175,14
2025-07-28,D-418 Bluetooth Buds,168,2499,3175,14
2025-07-29,D-418 Bluetooth Buds,172,2499,3175,14
2025-07-30,D-418 Bluetooth Buds,397,2499,3175,14
2025-07-31,D-418 Bluetooth Buds,358,2499,3175,14
2025-08-01,D-418 Bluetooth Buds,235,2499,3175,14
2025-08-02,D-418 Bluetooth Buds,82,2499,3175,14
2025-08-03,D-418 Bluetooth Buds,119,2499,3175,14
2025-08-04,D-418 Bluetooth Buds,136,2499,3175,14
2025-08-05,D-418 Bluetooth Buds,148,2499,3175,14
2025-08-06,D-418 Bluetooth Buds,132,2499,3175,14
2025-08-07,D-418 Bluetooth Buds,117,2499,3175,14
2025-08-08,D-418 Bluetooth Buds,90,2499,3175,14
2025-08-09,D-418 Bluetooth Buds,82,2499,3175,14
2025-08-10,D-418 Bluetooth Buds,138,2499,3175,14
2025-08-11,D-418 Bluetooth Buds,146,2499,3175,14
2025-08-12,D-418 Bluetooth Buds,161,2499,3175,14
2025-08-13,D-418 Bluetooth Buds,146,2499,3175,14
2025-08-14,D-418 Bluetooth Buds,101,2499,3175,14
2025-08-15,D-418 Bluetooth Buds,97,2499,3175,14
2025-08-16,D-418 Bluetooth Buds,85,2499,3175,14
2025-08-17,D-418 Bluetooth Buds,97,2499,3175,14
2025-08-18,D-418 Bluetooth Buds,167,2499,3175,14
2025-08-19,D-418 Bluetooth Buds,144,2499,3175,14
2025-08-20,D-418 Bluetooth Buds,125,2499,3175,14
2025-08-21,D-418 Bluetooth Buds,61,2499,3175,14
2025-08-22,D-418 Bluetooth Buds,83,2499,3175,14
2025-08-23,D-418 Bluetooth Buds,89,2499,3175,14
2025-08-24,D-418 Bluetooth Buds,122,2499,3175,14
2025-08-25,D-418 Bluetooth Buds,158,2499,3175,14
2025-08-26,D-418 Bluetooth Buds,178,2499,3175,14
2025-08-27,D-418 Bluetooth Buds,126,2499,3175,14
2025-08-28,D-418 Bluetooth Buds,104,2499,3175,14
2025-08-29,D-418 Bluetooth Buds,206,2499,3175,14
2025-08-30,D-418 Bluetooth Buds,238,2499,3175,14
2025-08-31,D-418 Bluetooth Buds,384,2499,3175,14
2025-09-01,D-418 Bluetooth Buds,145,2499,3175,14
2025-09-02,D-418 Bluetooth Buds,122,2499,3175,14
2025-09-03,D-418 Bluetooth Buds,129,2499,3175,14
2025-09-04,D-418 Bluetooth Buds,89,2499,3175,14
2025-09-05,D-418 Bluetooth Buds,63,2499,3175,14
2025-09-06,D-418 Bluetooth Buds,81,2499,3175,14
2025-09-07,D-418 Bluetooth Buds,101,2499,3175,14
2025-09-08,D-418 Bluetooth Buds,109,2499,3175,14
2025-09-09,D-418 Bluetooth Buds,122,2499,3175,14
2025-09-10,D-418 Bluetooth Buds,146,2499,3175,14
2025-09-11,D-418 Bluetooth Buds,8,2499,3175,14
2025-09-12,D-418 Bluetooth Buds,8,2499,3175,14
2025-09-13,D-418 Bluetooth Buds,81,2499,3175,14
2025-09-14,D-418 Bluetooth Buds,111,2499,3175,14
2025-09-15,D-418 Bluetooth Buds,112,2499,3175,14
2025-09-16,D-418 Bluetooth Buds,132,2499,3175,14
2025-09-17,D-418 Bluetooth Buds,119,2499,3175,14
2025-09-18,D-418 Bluetooth Buds,94,2499,3175,14
2025-09-19,D-418 Bluetooth Buds,61,2499,3175,14
2025-09-20,D-418 Bluetooth Buds,63,2499,3175,14
2025-09-21,D-418 Bluetooth Buds,112,2499,3175,14
2025-09-22,D-418 Bluetooth Buds,144,2499,3175,14
2025-09-23,D-418 Bluetooth Buds,139,2499,3175,14
2025-09-24,D-418 Bluetooth Buds,106,2499,3175,14
2025-09-25,D-418 Bluetooth Buds,88,2499,3175,14
2025-09-26,D-418 Bluetooth Buds,65,2499,3175,14
2025-09-27,D-418 Bluetooth Buds,78,2499,3175,14
2025-09-28,D-418 Bluetooth Buds,83,2499,3175,14
2025-09-29,D-418 Bluetooth Buds,125,2499,3175,14
2025-09-30,D-418 Bluetooth Buds,127,2499,3175,14
2025-10-01,D-418 Bluetooth Buds,96,2499,3175,14
2025-10-02,D-418 Bluetooth Buds,83,2499,3175,14
2025-10-03,D-418 Bluetooth Buds,63,2499,3175,14
2025-10-04,D-418 Bluetooth Buds,65,2499,3175,14
2025-10-05,D-418 Bluetooth Buds,99,2499,3175,14
2025-10-06,D-418 Bluetooth Buds,99,2499,3175,14
2025-10-07,D-418 Bluetooth Buds,125,2499,3175,14
2025-10-08,D-418 Bluetooth Buds,113,2499,3175,14
2025-10-09,D-418 Bluetooth Buds,81,2499,3175,14
2025-10-10,D-418 Bluetooth Buds,69,2499,3175,14
2025-10-11,D-418 Bluetooth Buds,57,2499,3175,14
2025-10-12,D-418 Bluetooth Buds,75,2499,3175,14
2025-10-13,D-418 Bluetooth Buds,119,2499,3175,14
2025-10-14,D-418 Bluetooth Buds,128,2499,3175,14
2025-10-15,D-418 Bluetooth Buds,130,2499,3175,14
2025-10-16,D-418 Bluetooth Buds,82,2499,3175,14
2025-10-17,D-418 Bluetooth Buds,53,2499,3175,14
2025-10-18,D-418 Bluetooth Buds,71,2499,3175,14
2025-10-19,D-418 Bluetooth Buds,127,2499,3175,14
2025-10-20,D-418 Bluetooth Buds,148,2499,3175,14
2025-10-21,D-418 Bluetooth Buds,248,2499,3175,14
2025-10-22,D-418 Bluetooth Buds,168,2499,3175,14
2025-10-23,D-418 Bluetooth Buds,128,2499,3175,14
2025-10-24,D-418 Bluetooth Buds,98,2499,3175,14
2025-10-25,D-418 Bluetooth Buds,122,2499,3175,14
2025-10-26,D-418 Bluetooth Buds,142,2499,3175,14
2025-10-27,D-418 Bluetooth Buds,200,2499,3175,14
2025-10-28,D-418 Bluetooth Buds,161,2499,3175,14
2025-10-29,D-418 Bluetooth Buds,130,2499,3175,14
2025-10-30,D-418 Bluetooth Buds,135,2499,3175,14
2025-10-31,D-418 Bluetooth Buds,105,2499,3175,14
2025-11-01,D-418 Bluetooth Buds,65,2499,3175,14
2025-11-02,D-418 Bluetooth Buds,86,2499,3175,14
2025-11-03,D-418 Bluetooth Buds,108,2499,3175,14
2025-11-04,D-418 Bluetooth Buds,102,2499,3175,14
2025-11-05,D-418 Bluetooth Buds,113,2499,3175,14
2025-11-06,D-418 Bluetooth Buds,75,2499,3175,14
2025-11-07,D-418 Bluetooth Buds,57,2499,3175,14
2025-11-08,D-418 Bluetooth Buds,62,2499,3175,14
2025-11-09,D-418 Bluetooth Buds,92,2499,3175,14
2025-11-10,D-418 Bluetooth Buds,110,2499,3175,14
2025-11-11,D-418 Bluetooth Buds,118,2499,3175,14
2025-11-12,D-418 Bluetooth Buds,80,2499,3175,14
2025-11-13,D-418 Bluetooth Buds,72,2499,3175,14
2025-11-14,D-418 Bluetooth Buds,67,2499,3175,14
2025-11-15,D-418 Bluetooth Buds,55,2499,3175,14
2025-11-16,D-418 Bluetooth Buds,79,2499,3175,14
2025-11-17,D-418 Bluetooth Buds,112,2499,3175,14
2025-11-18,D-418 Bluetooth Buds,119,2499,3175,14
2025-11-19,D-418 Bluetooth Buds,98,2499,3175,14
2025-11-20,D-418 Bluetooth Buds,54,2499,3175,14
2025-11-21,D-418 Bluetooth Buds,55,2499,3175,14
2025-11-22,D-418 Bluetooth Buds,49,2499,3175,14
2025-11-23,D-418 Bluetooth Buds,71,2499,3175,14
2025-11-24,D-418 Bluetooth Buds,106,2499,3175,14
2025-11-25,D-418 Bluetooth Buds,101,2499,3175,14
2025-11-26,D-418 Bluetooth Buds,98,2499,3175,14
2025-11-27,D-418 Bluetooth Buds,91,2499,3175,14
2025-11-28,D-418 Bluetooth Buds,56,2499,3175,14
2025-11-29,D-418 Bluetooth Buds,61,2499,3175,14
2025-11-30,D-418 Bluetooth Buds,69,2499,3175,14
2025-12-01,D-418 Bluetooth Buds,91,2499,3175,14
2025-12-02,D-418 Bluetooth Buds,90,2499,3175,14
2025-12-03,D-418 Bluetooth Buds,83,2499,3175,14
2025-12-04,D-418 Bluetooth Buds,57,2499,3175,14
2025-12-05,D-418 Bluetooth Buds,47,2499,3175,14
2025-12-06,D-418 Bluetooth Buds,54,2499,3175,14
2025-12-07,D-418 Bluetooth Buds,68,2499,3175,14
2025-12-08,D-418 Bluetooth Buds,81,2499,3175,14
2025-12-09,D-418 Bluetooth Buds,86,2499,3175,14
2025-12-10,D-418 Bluetooth Buds,93,2499,3175,14
2025-12-11,D-418 Bluetooth Buds,65,2499,3175,14
2025-12-12,D-418 Bluetooth Buds,57,2499,3175,14
2025-12-13,D-418 Bluetooth Buds,63,2499,3175,14
2025-12-14,D-418 Bluetooth Buds,74,2499,3175,14
2025-12-15,D-418 Bluetooth Buds,105,2499,3175,14
2025-12-16,D-418 Bluetooth Buds,85,2499,3175,14
2025-12-17,D-418 Bluetooth Buds,113,2499,3175,14
2025-12-18,D-418 Bluetooth Buds,74,2499,3175,14
2025-12-19,D-418 Bluetooth Buds,49,2499,3175,14
2025-12-20,D-418 Bluetooth Buds,48,2499,3175,14
2025-12-21,D-418 Bluetooth Buds,80,2499,3175,14
2025-12-22,D-418 Bluetooth Buds,76,2499,3175,14
2025-12-23,D-418 Bluetooth Buds,94,2499,3175,14
2025-12-24,D-418 Bluetooth Buds,97,2499,3175,14
2025-12-25,D-418 Bluetooth Buds,66,2499,3175,14
2025-12-26,D-418 Bluetooth Buds,48,2499,3175,14
2025-12-27,D-418 Bluetooth Buds,63,2499,3175,14
2025-12-28,D-418 Bluetooth Buds,68,2499,3175,14
2025-12-29,D-418 Bluetooth Buds,103,2499,3175,14
2025-12-30,D-418 Bluetooth Buds,98,2499,3175,14
2025-12-31,D-418 Bluetooth Buds,81,2499,3175,14
2026-01-01,D-418 Bluetooth Buds,70,2499,3175,14
2026-01-02,D-418 Bluetooth Buds,46,2499,3175,14
2026-01-03,D-418 Bluetooth Buds,70,2499,3175,14
2026-01-04,D-418 Bluetooth Buds,74,2499,3175,14
2026-01-05,D-418 Bluetooth Buds,125,2499,3175,14
2026-01-06,D-418 Bluetooth Buds,93,2499,3175,14
2026-01-07,D-418 Bluetooth Buds,99,2499,3175,14
2026-01-08,D-418 Bluetooth Buds,58,2499,3175,14
2026-01-09,D-418 Bluetooth Buds,44,2499,3175,14
2026-01-10,D-418 Bluetooth Buds,60,2499,3175,14
2026-01-11,D-418 Bluetooth Buds,87,2499,3175,14
2026-01-12,D-418 Bluetooth Buds,88,2499,3175,14
2026-01-13,D-418 Bluetooth Buds,125,2499,3175,14
2026-01-14,D-418 Bluetooth Buds,85,2499,3175,14
2026-01-15,D-418 Bluetooth Buds,71,2499,3175,14
2026-01-16,D-418 Bluetooth Buds,57,2499,3175,14
2026-01-17,D-418 Bluetooth Buds,64,2499,3175,14
2026-01-18,D-418 Bluetooth Buds,65,2499,3175,14
2026-01-19,D-418 Bluetooth Buds,127,2499,3175,14
2026-01-20,D-418 Bluetooth Buds,120,2499,3175,14
2026-01-21,D-418 Bluetooth Buds,92,2499,3175,14
2026-01-22,D-418 Bluetooth Buds,63,2499,3175,14
2026-01-23,D-418 Bluetooth Buds,45,2499,3175,14
2026-01-24,D-418 Bluetooth Buds,52,2499,3175,14
2026-01-25,D-418 Bluetooth Buds,91,2499,3175,14
2026-01-26,D-418 Bluetooth Buds,105,2499,3175,14
2026-01-27,D-418 Bluetooth Buds,100,2499,3175,14
2026-01-28,D-418 Bluetooth Buds,94,2499,3175,14
2026-01-29,D-418 Bluetooth Buds,88,2499,3175,14
2026-01-30,D-418 Bluetooth Buds,56,2499,3175,14
2026-01-31,D-418 Bluetooth Buds,60,2499,3175,14
2026-02-01,D-418 Bluetooth Buds,103,2499,3175,14
2026-02-02,D-418 Bluetooth Buds,120,2499,3175,14
2026-02-03,D-418 Bluetooth Buds,121,2499,3175,14
2026-02-04,D-418 Bluetooth Buds,96,2499,3175,14
2026-02-05,D-418 Bluetooth Buds,63,2499,3175,14
2026-02-06,D-418 Bluetooth Buds,52,2499,3175,14
2026-02-07,D-418 Bluetooth Buds,63,2499,3175,14
2026-02-08,D-418 Bluetooth Buds,90,2499,3175,14
2026-02-09,D-418 Bluetooth Buds,123,2499,3175,14
2026-02-10,D-418 Bluetooth Buds,134,2499,3175,14
2026-02-11,D-418 Bluetooth Buds,111,2499,3175,14
2026-02-12,D-418 Bluetooth Buds,82,2499,3175,14
2026-02-13,D-418 Bluetooth Buds,55,2499,3175,14
2026-02-14,D-418 Bluetooth Buds,52,2499,3175,14
2026-02-15,D-418 Bluetooth Buds,90,2499,3175,14
2026-02-16,D-418 Bluetooth Buds,109,2499,3175,14
2026-02-17,D-418 Bluetooth Buds,121,2499,3175,14
2026-02-18,D-418 Bluetooth Buds,109,2499,3175,14
2026-02-19,D-418 Bluetooth Buds,71,2499,3175,14
2026-02-20,D-418 Bluetooth Buds,57,2499,3175,14
2026-02-21,D-418 Bluetooth Buds,72,2499,3175,14
2026-02-22,D-418 Bluetooth Buds,8,2499,3175,14
2026-02-23,D-418 Bluetooth Buds,9,2499,3175,14
2026-02-24,D-418 Bluetooth Buds,145,2499,3175,14
2026-02-25,D-418 Bluetooth Buds,115,2499,3175,14
2026-02-26,D-418 Bluetooth Buds,77,2499,3175,14
2026-02-27,D-418 Bluetooth Buds,69,2499,3175,14
2026-02-28,D-418 Bluetooth Buds,93,2499,3175,14
2026-03-01,D-418 Bluetooth Buds,96,2499,3175,14
2026-03-02,D-418 Bluetooth Buds,153,2499,3175,14
2026-03-03,D-418 Bluetooth Buds,166,2499,3175,14
2026-03-04,D-418 Bluetooth Buds,145,2499,3175,14
2026-03-05,D-418 Bluetooth Buds,82,2499,3175,14
2026-03-06,D-418 Bluetooth Buds,89,2499,3175,14
2026-03-07,D-418 Bluetooth Buds,80,2499,3175,14
2026-03-08,D-418 Bluetooth Buds,106,2499,3175,14
2026-03-09,D-418 Bluetooth Buds,137,2499,3175,14
2026-03-10,D-418 Bluetooth Buds,160,2499,3175,14
2026-03-11,D-418 Bluetooth Buds,129,2499,3175,14
2026-03-12,D-418 Bluetooth Buds,93,2499,3175,14
2026-03-13,D-418 Bluetooth Buds,86,2499,3175,14
2026-03-14,D-418 Bluetooth Buds,76,2499,3175,14
2026-03-15,D-418 Bluetooth Buds,100,2499,3175,14
2026-03-16,D-418 Bluetooth Buds,161,2499,3175,14
2026-03-17,D-418 Bluetooth Buds,169,2499,3175,14
2026-03-18,D-418 Bluetooth Buds,152,2499,3175,14
2026-03-19,D-418 Bluetooth Buds,87,2499,3175,14
2026-03-20,D-418 Bluetooth Buds,88,2499,3175,14
2026-03-21,D-418 Bluetooth Buds,91,2499,3175,14
2026-03-22,D-418 Bluetooth Buds,145,2499,3175,14
2026-03-23,D-418 Bluetooth Buds,130,2499,3175,14
2026-03-24,D-418 Bluetooth Buds,166,2499,3175,14
2026-03-25,D-418 Bluetooth Buds,135,2499,3175,14
2026-03-26,D-418 Bluetooth Buds,84,2499,3175,14
2026-03-27,D-418 Bluetooth Buds,74,2499,3175,14
2026-03-28,D-418 Bluetooth Buds,102,2499,3175,14
2026-03-29,D-418 Bluetooth Buds,117,2499,3175,14
2026-03-30,D-418 Bluetooth Buds,146,2499,3175,14
2026-03-31,D-418 Bluetooth Buds,186,2499,3175,14
2026-04-01,D-418 Bluetooth Buds,163,2499,3175,14
2026-04-02,D-418 Bluetooth Buds,121,2499,3175,14
2026-04-03,D-418 Bluetooth Buds,76,2499,3175,14
2026-04-04,D-418 Bluetooth Buds,93,2499,3175,14
2026-04-05,D-418 Bluetooth Buds,145,2499,3175,14
2026-04-06,D-418 Bluetooth Buds,153,2499,3175,14
2026-04-07,D-418 Bluetooth Buds,160,2499,3175,14
2026-04-08,D-418 Bluetooth Buds,167,2499,3175,14
2026-04-09,D-418 Bluetooth Buds,133,2499,3175,14
2026-04-10,D-418 Bluetooth Buds,75,2499,3175,14
2026-04-11,D-418 Bluetooth Buds,67,2499,3175,14
2026-04-12,D-418 Bluetooth Buds,111,2499,3175,14
2026-04-13,D-418 Bluetooth Buds,151,2499,3175,14
2026-04-14,D-418 Bluetooth Buds,179,2499,3175,14
2026-04-15,D-418 Bluetooth Buds,169,2499,3175,14
2026-04-16,D-418 Bluetooth Buds,114,2499,3175,14
2026-04-17,D-418 Bluetooth Buds,83,2499,3175,14
2026-04-18,D-418 Bluetooth Buds,102,2499,3175,14
2026-04-19,D-418 Bluetooth Buds,123,2499,3175,14
2026-04-20,D-418 Bluetooth Buds,177,2499,3175,14
2026-04-21,D-418 Bluetooth Buds,174,2499,3175,14
2026-04-22,D-418 Bluetooth Buds,215,2499,3175,14
2026-04-23,D-418 Bluetooth Buds,132,2499,3175,14
2026-04-24,D-418 Bluetooth Buds,84,2499,3175,14
2026-04-25,D-418 Bluetooth Buds,91,2499,3175,14
2026-04-26,D-418 Bluetooth Buds,136,2499,3175,14
2026-04-27,D-418 Bluetooth Buds,147,2499,3175,14
2026-04-28,D-418 Bluetooth Buds,177,2499,3175,14
2026-04-29,D-418 Bluetooth Buds,153,2499,3175,14
2026-04-30,D-418 Bluetooth Buds,137,2499,3175,14
2026-05-01,D-418 Bluetooth Buds,92,2499,3175,14
2026-05-02,D-418 Bluetooth Buds,97,2499,3175,14
2026-05-03,D-418 Bluetooth Buds,124,2499,3175,14
2026-05-04,D-418 Bluetooth Buds,162,2499,3175,14
2026-05-05,D-418 Bluetooth Buds,198,2499,3175,14
2026-05-06,D-418 Bluetooth Buds,168,2499,3175,14
2026-05-07,D-418 Bluetooth Buds,145,2499,3175,14
2026-05-08,D-418 Bluetooth Buds,92,2499,3175,14
2026-05-09,D-418 Bluetooth Buds,124,2499,3175,14
2026-05-10,D-418 Bluetooth Buds,156,2499,3175,14
2026-05-11,D-418 Bluetooth Buds,194,2499,3175,14
2026-05-12,D-418 Bluetooth Buds,156,2499,3175,14
2026-05-13,D-418 Bluetooth Buds,149,2499,3175,14
2026-05-14,D-418 Bluetooth Buds,142,2499,3175,14
2026-05-15,D-418 Bluetooth Buds,119,2499,3175,14
2026-05-16,D-418 Bluetooth Buds,115,2499,3175,14
2026-05-17,D-418 Bluetooth Buds,170,2499,3175,14
2026-05-18,D-418 Bluetooth Buds,189,2499,3175,14
2026-05-19,D-418 Bluetooth Buds,200,2499,3175,14
2026-05-20,D-418 Bluetooth Buds,166,2499,3175,14
2026-05-21,D-418 Bluetooth Buds,149,2499,3175,14
2026-05-22,D-418 Bluetooth Buds,108,2499,3175,14
2026-05-23,D-418 Bluetooth Buds,112,2499,3175,14
2026-05-24,D-418 Bluetooth Buds,152,2499,3175,14
2026-05-25,D-418 Bluetooth Buds,216,2499,3175,14
2026-05-26,D-418 Bluetooth Buds,222,2499,3175,14
2026-05-27,D-418 Bluetooth Buds,166,2499,3175,14
2026-05-28,D-418 Bluetooth Buds,164,2499,3175,14
2026-05-29,D-418 Bluetooth Buds,109,2499,3175,14
2026-05-30,D-418 Bluetooth Buds,117,2499,3175,14
2026-05-31,D-418 Bluetooth Buds,190,2499,3175,14
2026-06-01,D-418 Bluetooth Buds,231,2499,3175,14
2026-06-02,D-418 Bluetooth Buds,215,2499,3175,14
2026-06-03,D-418 Bluetooth Buds,199,2499,3175,14
2026-06-04,D-418 Bluetooth Buds,120,2499,3175,14
2026-06-05,D-418 Bluetooth Buds,99,2499,3175,14
2026-06-06,D-418 Bluetooth Buds,86,2499,3175,14
2026-06-07,D-418 Bluetooth Buds,187,2499,3175,14
2026-06-08,D-418 Bluetooth Buds,161,2499,3175,14
2026-06-09,D-418 Bluetooth Buds,238,2499,3175,14
2026-06-10,D-418 Bluetooth Buds,170,2499,3175,14
2026-06-11,D-418 Bluetooth Buds,123,2499,3175,14
2026-06-12,D-418 Bluetooth Buds,106,2499,3175,14
2026-06-13,D-418 Bluetooth Buds,124,2499,3175,14
2026-06-14,D-418 Bluetooth Buds,177,2499,3175,14
2026-06-15,D-418 Bluetooth Buds,255,2499,3175,14
2026-06-16,D-418 Bluetooth Buds,231,2499,3175,14
2026-06-17,D-418 Bluetooth Buds,211,2499,3175,14
2026-06-18,D-418 Bluetooth Buds,130,2499,3175,14
2026-06-19,D-418 Bluetooth Buds,119,2499,3175,14
2026-06-20,D-418 Bluetooth Buds,123,2499,3175,14
2026-06-21,D-418 Bluetooth Buds,157,2499,3175,14
2026-06-22,D-418 Bluetooth Buds,209,2499,3175,14
2026-06-23,D-418 Bluetooth Buds,221,2499,3175,14
2026-06-24,D-418 Bluetooth Buds,196,2499,3175,14
2026-06-25,D-418 Bluetooth Buds,386,2499,3175,14
2026-06-26,D-418 Bluetooth Buds,268,2499,3175,14
2026-06-27,D-418 Bluetooth Buds,287,2499,3175,14
2026-06-28,D-418 Bluetooth Buds,182,2499,3175,14
2026-06-29,D-418 Bluetooth Buds,169,2499,3175,14
2026-06-30,D-418 Bluetooth Buds,207,2499,3175,14
2026-07-01,D-418 Bluetooth Buds,228,2499,3175,14
2026-07-02,D-418 Bluetooth Buds,95,2499,3175,14
2026-07-03,D-418 Bluetooth Buds,101,2499,3175,14
2026-07-04,D-418 Bluetooth Buds,131,2499,3175,14
2026-07-05,D-418 Bluetooth Buds,134,2499,3175,14
2026-07-06,D-418 Bluetooth Buds,278,2499,3175,14
2026-07-07,D-418 Bluetooth Buds,154,2499,3175,14
2026-07-08,D-418 Bluetooth Buds,225,2499,3175,14
2026-07-09,D-418 Bluetooth Buds,168,2499,3175,14
2026-07-10,D-418 Bluetooth Buds,122,2499,3175,14
2026-07-11,D-418 Bluetooth Buds,118,2499,3175,14
2026-07-12,D-418 Bluetooth Buds,173,2499,3175,14
2026-07-13,D-418 Bluetooth Buds,189,2499,3175,14
2026-07-14,D-418 Bluetooth Buds,244,2499,3175,14
2026-07-15,D-418 Bluetooth Buds,165,2499,3175,14
2026-07-16,D-418 Bluetooth Buds,136,2499,3175,14
2026-07-17,D-418 Bluetooth Buds,122,2499,3175,14
2026-07-18,D-418 Bluetooth Buds,104,2499,3175,14
2026-07-19,D-418 Bluetooth Buds,158,2499,3175,14
2026-07-20,D-418 Bluetooth Buds,214,2499,3175,14
2026-07-21,D-418 Bluetooth Buds,185,2499,3175,14
2026-07-22,D-418 Bluetooth Buds,216,2499,3175,14
2026-07-23,D-418 Bluetooth Buds,145,2499,3175,14
2026-07-24,D-418 Bluetooth Buds,88,2499,3175,14
2026-07-25,D-418 Bluetooth Buds,118,2499,3175,14
2026-07-26,D-418 Bluetooth Buds,475,2499,3175,14
2026-07-27,D-418 Bluetooth Buds,613,2499,3175,14
2026-07-28,D-418 Bluetooth Buds,706,2499,3175,14
2026-07-29,D-418 Bluetooth Buds,171,2499,3175,14
2026-07-30,D-418 Bluetooth Buds,153,2499,3175,14
2026-07-31,D-418 Bluetooth Buds,98,2499,3175,14
2026-08-01,D-418 Bluetooth Buds,131,2499,3175,14
2026-08-02,D-418 Bluetooth Buds,160,2499,3175,14
2026-08-03,D-418 Bluetooth Buds,226,2499,3175,14
2026-08-04,D-418 Bluetooth Buds,201,2499,3175,14
2026-08-05,D-418 Bluetooth Buds,173,2499,3175,14
2026-08-06,D-418 Bluetooth Buds,117,2499,3175,14
2026-08-07,D-418 Bluetooth Buds,112,2499,3175,14
2026-08-08,D-418 Bluetooth Buds,129,2499,3175,14
2026-08-09,D-418 Bluetooth Buds,199,2499,3175,14
2026-08-10,D-418 Bluetooth Buds,233,2499,3175,14
2026-08-11,D-418 Bluetooth Buds,218,2499,3175,14
2026-08-12,D-418 Bluetooth Buds,177,2499,3175,14
2026-08-13,D-418 Bluetooth Buds,139,2499,3175,14
2026-08-14,D-418 Bluetooth Buds,103,2499,3175,14
2026-08-15,D-418 Bluetooth Buds,133,2499,3175,14
2026-08-16,D-418 Bluetooth Buds,173,2499,3175,14
2026-08-17,D-418 Bluetooth Buds,178,2499,3175,14
2026-08-18,D-418 Bluetooth Buds,190,2499,3175,14
2026-08-19,D-418 Bluetooth Buds,207,2499,3175,14
2026-08-20,D-418 Bluetooth Buds,135,2499,3175,14
2026-08-21,D-418 Bluetooth Buds,98,2499,3175,14
2026-08-22,D-418 Bluetooth Buds,127,2499,3175,14
2026-08-23,D-418 Bluetooth Buds,145,2499,3175,14
2026-08-24,D-418 Bluetooth Buds,187,2499,3175,14
2026-08-25,D-418 Bluetooth Buds,192,2499,3175,14
2026-08-26,D-418 Bluetooth Buds,133,2499,3175,14
2026-08-27,D-418 Bluetooth Buds,141,2499,3175,14
2026-08-28,D-418 Bluetooth Buds,84,2499,3175,14
2026-08-29,D-418 Bluetooth Buds,101,2499,3175,14
2026-08-30,D-418 Bluetooth Buds,135,2499,3175,14
2026-08-31,D-418 Bluetooth Buds,205,2499,3175,14
2026-09-01,D-418 Bluetooth Buds,196,2499,3175,14
2026-09-02,D-418 Bluetooth Buds,170,2499,3175,14
2026-09-03,D-418 Bluetooth Buds,99,2499,3175,14
2026-09-04,D-418 Bluetooth Buds,95,2499,3175,14
2026-09-05,D-418 Bluetooth Buds,87,2499,3175,14
2026-09-06,D-418 Bluetooth Buds,150,2499,3175,14
2026-09-07,D-418 Bluetooth Buds,192,2499,3175,14
2026-09-08,D-418 Bluetooth Buds,192,2499,3175,14
2026-09-09,D-418 Bluetooth Buds,205,2499,3175,14
2026-09-10,D-418 Bluetooth Buds,128,2499,3175,14
2026-09-11,D-418 Bluetooth Buds,100,2499,3175,14
2026-09-12,D-418 Bluetooth Buds,104,2499,3175,14
2026-09-13,D-418 Bluetooth Buds,137,2499,3175,14
2026-09-14,D-418 Bluetooth Buds,199,2499,3175,14
2026-09-15,D-418 Bluetooth Buds,212,2499,3175,14
2026-09-16,D-418 Bluetooth Buds,135,2499,3175,14
2026-09-17,D-418 Bluetooth Buds,132,2499,3175,14
2024-09-18,E-521 Detergent 2kg,77,320,882,7
2024-09-19,E-521 Detergent 2kg,84,320,882,7
2024-09-20,E-521 Detergent 2kg,70,320,882,7
2024-09-21,E-521 Detergent 2kg,69,320,882,7
2024-09-22,E-521 Detergent 2kg,88,320,882,7
2024-09-23,E-521 Detergent 2kg,106,320,882,7
2024-09-24,E-521 Detergent 2kg,107,320,882,7
2024-09-25,E-521 Detergent 2kg,84,320,882,7
2024-09-26,E-521 Detergent 2kg,82,320,882,7
2024-09-27,E-521 Detergent 2kg,96,320,882,7
2024-09-28,E-521 Detergent 2kg,70,320,882,7
2024-09-29,E-521 Detergent 2kg,75,320,882,7
2024-09-30,E-521 Detergent 2kg,110,320,882,7
2024-10-01,E-521 Detergent 2kg,118,320,882,7
2024-10-02,E-521 Detergent 2kg,106,320,882,7
2024-10-03,E-521 Detergent 2kg,74,320,882,7
2024-10-04,E-521 Detergent 2kg,86,320,882,7
2024-10-05,E-521 Detergent 2kg,72,320,882,7
2024-10-06,E-521 Detergent 2kg,80,320,882,7
2024-10-07,E-521 Detergent 2kg,98,320,882,7
2024-10-08,E-521 Detergent 2kg,107,320,882,7
2024-10-09,E-521 Detergent 2kg,108,320,882,7
2024-10-10,E-521 Detergent 2kg,92,320,882,7
2024-10-11,E-521 Detergent 2kg,76,320,882,7
2024-10-12,E-521 Detergent 2kg,88,320,882,7
2024-10-13,E-521 Detergent 2kg,93,320,882,7
2024-10-14,E-521 Detergent 2kg,116,320,882,7
2024-10-15,E-521 Detergent 2kg,90,320,882,7
2024-10-16,E-521 Detergent 2kg,80,320,882,7
2024-10-17,E-521 Detergent 2kg,92,320,882,7
2024-10-18,E-521 Detergent 2kg,63,320,882,7
2024-10-19,E-521 Detergent 2kg,121,320,882,7
2024-10-20,E-521 Detergent 2kg,144,320,882,7
2024-10-21,E-521 Detergent 2kg,157,320,882,7
2024-10-22,E-521 Detergent 2kg,162,320,882,7
2024-10-23,E-521 Detergent 2kg,183,320,882,7
2024-10-24,E-521 Detergent 2kg,93,320,882,7
2024-10-25,E-521 Detergent 2kg,132,320,882,7
2024-10-26,E-521 Detergent 2kg,159,320,882,7
2024-10-27,E-521 Detergent 2kg,145,320,882,7
2024-10-28,E-521 Detergent 2kg,165,320,882,7
2024-10-29,E-521 Detergent 2kg,185,320,882,7
2024-10-30,E-521 Detergent 2kg,190,320,882,7
2024-10-31,E-521 Detergent 2kg,114,320,882,7
2024-11-01,E-521 Detergent 2kg,75,320,882,7
2024-11-02,E-521 Detergent 2kg,76,320,882,7
2024-11-03,E-521 Detergent 2kg,96,320,882,7
2024-11-04,E-521 Detergent 2kg,104,320,882,7
2024-11-05,E-521 Detergent 2kg,114,320,882,7
2024-11-06,E-521 Detergent 2kg,92,320,882,7
2024-11-07,E-521 Detergent 2kg,83,320,882,7
2024-11-08,E-521 Detergent 2kg,68,320,882,7
2024-11-09,E-521 Detergent 2kg,71,320,882,7
2024-11-10,E-521 Detergent 2kg,88,320,882,7
2024-11-11,E-521 Detergent 2kg,100,320,882,7
2024-11-12,E-521 Detergent 2kg,90,320,882,7
2024-11-13,E-521 Detergent 2kg,114,320,882,7
2024-11-14,E-521 Detergent 2kg,81,320,882,7
2024-11-15,E-521 Detergent 2kg,61,320,882,7
2024-11-16,E-521 Detergent 2kg,86,320,882,7
2024-11-17,E-521 Detergent 2kg,81,320,882,7
2024-11-18,E-521 Detergent 2kg,107,320,882,7
2024-11-19,E-521 Detergent 2kg,104,320,882,7
2024-11-20,E-521 Detergent 2kg,98,320,882,7
2024-11-21,E-521 Detergent 2kg,83,320,882,7
2024-11-22,E-521 Detergent 2kg,68,320,882,7
2024-11-23,E-521 Detergent 2kg,76,320,882,7
2024-11-24,E-521 Detergent 2kg,110,320,882,7
2024-11-25,E-521 Detergent 2kg,74,320,882,7
2024-11-26,E-521 Detergent 2kg,105,320,882,7
2024-11-27,E-521 Detergent 2kg,100,320,882,7
2024-11-28,E-521 Detergent 2kg,71,320,882,7
2024-11-29,E-521 Detergent 2kg,61,320,882,7
2024-11-30,E-521 Detergent 2kg,95,320,882,7
2024-12-01,E-521 Detergent 2kg,84,320,882,7
2024-12-02,E-521 Detergent 2kg,126,320,882,7
2024-12-03,E-521 Detergent 2kg,110,320,882,7
2024-12-04,E-521 Detergent 2kg,96,320,882,7
2024-12-05,E-521 Detergent 2kg,86,320,882,7
2024-12-06,E-521 Detergent 2kg,78,320,882,7
2024-12-07,E-521 Detergent 2kg,86,320,882,7
2024-12-08,E-521 Detergent 2kg,93,320,882,7
2024-12-09,E-521 Detergent 2kg,102,320,882,7
2024-12-10,E-521 Detergent 2kg,105,320,882,7
2024-12-11,E-521 Detergent 2kg,110,320,882,7
2024-12-12,E-521 Detergent 2kg,89,320,882,7
2024-12-13,E-521 Detergent 2kg,64,320,882,7
2024-12-14,E-521 Detergent 2kg,70,320,882,7
2024-12-15,E-521 Detergent 2kg,91,320,882,7
2024-12-16,E-521 Detergent 2kg,93,320,882,7
2024-12-17,E-521 Detergent 2kg,99,320,882,7
2024-12-18,E-521 Detergent 2kg,84,320,882,7
2024-12-19,E-521 Detergent 2kg,78,320,882,7
2024-12-20,E-521 Detergent 2kg,76,320,882,7
2024-12-21,E-521 Detergent 2kg,85,320,882,7
2024-12-22,E-521 Detergent 2kg,88,320,882,7
2024-12-23,E-521 Detergent 2kg,125,320,882,7
2024-12-24,E-521 Detergent 2kg,102,320,882,7
2024-12-25,E-521 Detergent 2kg,131,320,882,7
2024-12-26,E-521 Detergent 2kg,91,320,882,7
2024-12-27,E-521 Detergent 2kg,77,320,882,7
2024-12-28,E-521 Detergent 2kg,71,320,882,7
2024-12-29,E-521 Detergent 2kg,58,320,882,7
2024-12-30,E-521 Detergent 2kg,99,320,882,7
2024-12-31,E-521 Detergent 2kg,106,320,882,7
2025-01-01,E-521 Detergent 2kg,117,320,882,7
2025-01-02,E-521 Detergent 2kg,68,320,882,7
2025-01-03,E-521 Detergent 2kg,89,320,882,7
2025-01-04,E-521 Detergent 2kg,73,320,882,7
2025-01-05,E-521 Detergent 2kg,96,320,882,7
2025-01-06,E-521 Detergent 2kg,70,320,882,7
2025-01-07,E-521 Detergent 2kg,106,320,882,7
2025-01-08,E-521 Detergent 2kg,91,320,882,7
2025-01-09,E-521 Detergent 2kg,88,320,882,7
2025-01-10,E-521 Detergent 2kg,74,320,882,7
2025-01-11,E-521 Detergent 2kg,66,320,882,7
2025-01-12,E-521 Detergent 2kg,99,320,882,7
2025-01-13,E-521 Detergent 2kg,110,320,882,7
2025-01-14,E-521 Detergent 2kg,112,320,882,7
2025-01-15,E-521 Detergent 2kg,107,320,882,7
2025-01-16,E-521 Detergent 2kg,93,320,882,7
2025-01-17,E-521 Detergent 2kg,73,320,882,7
2025-01-18,E-521 Detergent 2kg,64,320,882,7
2025-01-19,E-521 Detergent 2kg,74,320,882,7
2025-01-20,E-521 Detergent 2kg,118,320,882,7
2025-01-21,E-521 Detergent 2kg,114,320,882,7
2025-01-22,E-521 Detergent 2kg,97,320,882,7
2025-01-23,E-521 Detergent 2kg,78,320,882,7
2025-01-24,E-521 Detergent 2kg,74,320,882,7
2025-01-25,E-521 Detergent 2kg,77,320,882,7
2025-01-26,E-521 Detergent 2kg,86,320,882,7
2025-01-27,E-521 Detergent 2kg,94,320,882,7
2025-01-28,E-521 Detergent 2kg,133,320,882,7
2025-01-29,E-521 Detergent 2kg,99,320,882,7
2025-01-30,E-521 Detergent 2kg,77,320,882,7
2025-01-31,E-521 Detergent 2kg,63,320,882,7
2025-02-01,E-521 Detergent 2kg,71,320,882,7
2025-02-02,E-521 Detergent 2kg,98,320,882,7
2025-02-03,E-521 Detergent 2kg,112,320,882,7
2025-02-04,E-521 Detergent 2kg,103,320,882,7
2025-02-05,E-521 Detergent 2kg,98,320,882,7
2025-02-06,E-521 Detergent 2kg,80,320,882,7
2025-02-07,E-521 Detergent 2kg,65,320,882,7
2025-02-08,E-521 Detergent 2kg,90,320,882,7
2025-02-09,E-521 Detergent 2kg,95,320,882,7
2025-02-10,E-521 Detergent 2kg,135,320,882,7
2025-02-11,E-521 Detergent 2kg,97,320,882,7
2025-02-12,E-521 Detergent 2kg,97,320,882,7
2025-02-13,E-521 Detergent 2kg,93,320,882,7
2025-02-14,E-521 Detergent 2kg,73,320,882,7
2025-02-15,E-521 Detergent 2kg,66,320,882,7
2025-02-16,E-521 Detergent 2kg,81,320,882,7
2025-02-17,E-521 Detergent 2kg,106,320,882,7
2025-02-18,E-521 Detergent 2kg,112,320,882,7
2025-02-19,E-521 Detergent 2kg,98,320,882,7
2025-02-20,E-521 Detergent 2kg,1,320,882,7
2025-02-21,E-521 Detergent 2kg,1,320,882,7
2025-02-22,E-521 Detergent 2kg,82,320,882,7
2025-02-23,E-521 Detergent 2kg,93,320,882,7
2025-02-24,E-521 Detergent 2kg,102,320,882,7
2025-02-25,E-521 Detergent 2kg,116,320,882,7
2025-02-26,E-521 Detergent 2kg,111,320,882,7
2025-02-27,E-521 Detergent 2kg,86,320,882,7
2025-02-28,E-521 Detergent 2kg,81,320,882,7
2025-03-01,E-521 Detergent 2kg,77,320,882,7
2025-03-02,E-521 Detergent 2kg,78,320,882,7
2025-03-03,E-521 Detergent 2kg,94,320,882,7
2025-03-04,E-521 Detergent 2kg,120,320,882,7
2025-03-05,E-521 Detergent 2kg,107,320,882,7
2025-03-06,E-521 Detergent 2kg,103,320,882,7
2025-03-07,E-521 Detergent 2kg,78,320,882,7
2025-03-08,E-521 Detergent 2kg,89,320,882,7
2025-03-09,E-521 Detergent 2kg,109,320,882,7
2025-03-10,E-521 Detergent 2kg,121,320,882,7
2025-03-11,E-521 Detergent 2kg,103,320,882,7
2025-03-12,E-521 Detergent 2kg,100,320,882,7
2025-03-13,E-521 Detergent 2kg,89,320,882,7
2025-03-14,E-521 Detergent 2kg,69,320,882,7
2025-03-15,E-521 Detergent 2kg,86,320,882,7
2025-03-16,E-521 Detergent 2kg,107,320,882,7
2025-03-17,E-521 Detergent 2kg,103,320,882,7
2025-03-18,E-521 Detergent 2kg,139,320,882,7
2025-03-19,E-521 Detergent 2kg,100,320,882,7
2025-03-20,E-521 Detergent 2kg,86,320,882,7
2025-03-21,E-521 Detergent 2kg,77,320,882,7
2025-03-22,E-521 Detergent 2kg,76,320,882,7
2025-03-23,E-521 Detergent 2kg,101,320,882,7
2025-03-24,E-521 Detergent 2kg,110,320,882,7
2025-03-25,E-521 Detergent 2kg,136,320,882,7
2025-03-26,E-521 Detergent 2kg,112,320,882,7
2025-03-27,E-521 Detergent 2kg,95,320,882,7
2025-03-28,E-521 Detergent 2kg,78,320,882,7
2025-03-29,E-521 Detergent 2kg,69,320,882,7
2025-03-30,E-521 Detergent 2kg,96,320,882,7
2025-03-31,E-521 Detergent 2kg,100,320,882,7
2025-04-01,E-521 Detergent 2kg,128,320,882,7
2025-04-02,E-521 Detergent 2kg,105,320,882,7
2025-04-03,E-521 Detergent 2kg,108,320,882,7
2025-04-04,E-521 Detergent 2kg,88,320,882,7
2025-04-05,E-521 Detergent 2kg,93,320,882,7
2025-04-06,E-521 Detergent 2kg,101,320,882,7
2025-04-07,E-521 Detergent 2kg,115,320,882,7
2025-04-08,E-521 Detergent 2kg,125,320,882,7
2025-04-09,E-521 Detergent 2kg,118,320,882,7
2025-04-10,E-521 Detergent 2kg,83,320,882,7
2025-04-11,E-521 Detergent 2kg,86,320,882,7
2025-04-12,E-521 Detergent 2kg,112,320,882,7
2025-04-13,E-521 Detergent 2kg,98,320,882,7
2025-04-14,E-521 Detergent 2kg,110,320,882,7
2025-04-15,E-521 Detergent 2kg,107,320,882,7
2025-04-16,E-521 Detergent 2kg,89,320,882,7
2025-04-17,E-521 Detergent 2kg,105,320,882,7
2025-04-18,E-521 Detergent 2kg,83,320,882,7
2025-04-19,E-521 Detergent 2kg,89,320,882,7
2025-04-20,E-521 Detergent 2kg,122,320,882,7
2025-04-21,E-521 Detergent 2kg,148,320,882,7
2025-04-22,E-521 Detergent 2kg,105,320,882,7
2025-04-23,E-521 Detergent 2kg,122,320,882,7
2025-04-24,E-521 Detergent 2kg,99,320,882,7
2025-04-25,E-521 Detergent 2kg,87,320,882,7
2025-04-26,E-521 Detergent 2kg,91,320,882,7
2025-04-27,E-521 Detergent 2kg,100,320,882,7
2025-04-28,E-521 Detergent 2kg,137,320,882,7
2025-04-29,E-521 Detergent 2kg,127,320,882,7
2025-04-30,E-521 Detergent 2kg,113,320,882,7
2025-05-01,E-521 Detergent 2kg,107,320,882,7
2025-05-02,E-521 Detergent 2kg,93,320,882,7
2025-05-03,E-521 Detergent 2kg,92,320,882,7
2025-05-04,E-521 Detergent 2kg,105,320,882,7
2025-05-05,E-521 Detergent 2kg,140,320,882,7
2025-05-06,E-521 Detergent 2kg,127,320,882,7
2025-05-07,E-521 Detergent 2kg,109,320,882,7
2025-05-08,E-521 Detergent 2kg,84,320,882,7
2025-05-09,E-521 Detergent 2kg,81,320,882,7
2025-05-10,E-521 Detergent 2kg,77,320,882,7
2025-05-11,E-521 Detergent 2kg,104,320,882,7
2025-05-12,E-521 Detergent 2kg,120,320,882,7
2025-05-13,E-521 Detergent 2kg,91,320,882,7
2025-05-14,E-521 Detergent 2kg,111,320,882,7
2025-05-15,E-521 Detergent 2kg,102,320,882,7
2025-05-16,E-521 Detergent 2kg,86,320,882,7
2025-05-17,E-521 Detergent 2kg,78,320,882,7
2025-05-18,E-521 Detergent 2kg,118,320,882,7
2025-05-19,E-521 Detergent 2kg,108,320,882,7
2025-05-20,E-521 Detergent 2kg,103,320,882,7
2025-05-21,E-521 Detergent 2kg,97,320,882,7
2025-05-22,E-521 Detergent 2kg,95,320,882,7
2025-05-23,E-521 Detergent 2kg,95,320,882,7
2025-05-24,E-521 Detergent 2kg,101,320,882,7
2025-05-25,E-521 Detergent 2kg,106,320,882,7
2025-05-26,E-521 Detergent 2kg,101,320,882,7
2025-05-27,E-521 Detergent 2kg,112,320,882,7
2025-05-28,E-521 Detergent 2kg,100,320,882,7
2025-05-29,E-521 Detergent 2kg,93,320,882,7
2025-05-30,E-521 Detergent 2kg,67,320,882,7
2025-05-31,E-521 Detergent 2kg,90,320,882,7
2025-06-01,E-521 Detergent 2kg,112,320,882,7
2025-06-02,E-521 Detergent 2kg,116,320,882,7
2025-06-03,E-521 Detergent 2kg,129,320,882,7
2025-06-04,E-521 Detergent 2kg,99,320,882,7
2025-06-05,E-521 Detergent 2kg,79,320,882,7
2025-06-06,E-521 Detergent 2kg,79,320,882,7
2025-06-07,E-521 Detergent 2kg,102,320,882,7
2025-06-08,E-521 Detergent 2kg,117,320,882,7
2025-06-09,E-521 Detergent 2kg,112,320,882,7
2025-06-10,E-521 Detergent 2kg,140,320,882,7
2025-06-11,E-521 Detergent 2kg,108,320,882,7
2025-06-12,E-521 Detergent 2kg,113,320,882,7
2025-06-13,E-521 Detergent 2kg,91,320,882,7
2025-06-14,E-521 Detergent 2kg,85,320,882,7
2025-06-15,E-521 Detergent 2kg,114,320,882,7
2025-06-16,E-521 Detergent 2kg,108,320,882,7
2025-06-17,E-521 Detergent 2kg,109,320,882,7
2025-06-18,E-521 Detergent 2kg,93,320,882,7
2025-06-19,E-521 Detergent 2kg,99,320,882,7
2025-06-20,E-521 Detergent 2kg,85,320,882,7
2025-06-21,E-521 Detergent 2kg,89,320,882,7
2025-06-22,E-521 Detergent 2kg,99,320,882,7
2025-06-23,E-521 Detergent 2kg,139,320,882,7
2025-06-24,E-521 Detergent 2kg,116,320,882,7
2025-06-25,E-521 Detergent 2kg,103,320,882,7
2025-06-26,E-521 Detergent 2kg,110,320,882,7
2025-06-27,E-521 Detergent 2kg,101,320,882,7
2025-06-28,E-521 Detergent 2kg,93,320,882,7
2025-06-29,E-521 Detergent 2kg,82,320,882,7
2025-06-30,E-521 Detergent 2kg,110,320,882,7
2025-07-01,E-521 Detergent 2kg,131,320,882,7
2025-07-02,E-521 Detergent 2kg,112,320,882,7
2025-07-03,E-521 Detergent 2kg,114,320,882,7
2025-07-04,E-521 Detergent 2kg,72,320,882,7
2025-07-05,E-521 Detergent 2kg,97,320,882,7
2025-07-06,E-521 Detergent 2kg,96,320,882,7
2025-07-07,E-521 Detergent 2kg,137,320,882,7
2025-07-08,E-521 Detergent 2kg,121,320,882,7
2025-07-09,E-521 Detergent 2kg,126,320,882,7
2025-07-10,E-521 Detergent 2kg,88,320,882,7
2025-07-11,E-521 Detergent 2kg,71,320,882,7
2025-07-12,E-521 Detergent 2kg,77,320,882,7
2025-07-13,E-521 Detergent 2kg,96,320,882,7
2025-07-14,E-521 Detergent 2kg,104,320,882,7
2025-07-15,E-521 Detergent 2kg,139,320,882,7
2025-07-16,E-521 Detergent 2kg,130,320,882,7
2025-07-17,E-521 Detergent 2kg,99,320,882,7
2025-07-18,E-521 Detergent 2kg,75,320,882,7
2025-07-19,E-521 Detergent 2kg,88,320,882,7
2025-07-20,E-521 Detergent 2kg,95,320,882,7
2025-07-21,E-521 Detergent 2kg,138,320,882,7
2025-07-22,E-521 Detergent 2kg,126,320,882,7
2025-07-23,E-521 Detergent 2kg,118,320,882,7
2025-07-24,E-521 Detergent 2kg,90,320,882,7
2025-07-25,E-521 Detergent 2kg,64,320,882,7
2025-07-26,E-521 Detergent 2kg,80,320,882,7
2025-07-27,E-521 Detergent 2kg,89,320,882,7
2025-07-28,E-521 Detergent 2kg,122,320,882,7
2025-07-29,E-521 Detergent 2kg,122,320,882,7
2025-07-30,E-521 Detergent 2kg,100,320,882,7
2025-07-31,E-521 Detergent 2kg,90,320,882,7
2025-08-01,E-521 Detergent 2kg,100,320,882,7
2025-08-02,E-521 Detergent 2kg,78,320,882,7
2025-08-03,E-521 Detergent 2kg,91,320,882,7
2025-08-04,E-521 Detergent 2kg,113,320,882,7
2025-08-05,E-521 Detergent 2kg,110,320,882,7
2025-08-06,E-521 Detergent 2kg,104,320,882,7
2025-08-07,E-521 Detergent 2kg,100,320,882,7
2025-08-08,E-521 Detergent 2kg,101,320,882,7
2025-08-09,E-521 Detergent 2kg,69,320,882,7
2025-08-10,E-521 Detergent 2kg,101,320,882,7
2025-08-11,E-521 Detergent 2kg,116,320,882,7
2025-08-12,E-521 Detergent 2kg,118,320,882,7
2025-08-13,E-521 Detergent 2kg,107,320,882,7
2025-08-14,E-521 Detergent 2kg,90,320,882,7
2025-08-15,E-521 Detergent 2kg,93,320,882,7
2025-08-16,E-521 Detergent 2kg,82,320,882,7
2025-08-17,E-521 Detergent 2kg,99,320,882,7
2025-08-18,E-521 Detergent 2kg,269,320,882,7
2025-08-19,E-521 Detergent 2kg,280,320,882,7
2025-08-20,E-521 Detergent 2kg,248,320,882,7
2025-08-21,E-521 Detergent 2kg,251,320,882,7
2025-08-22,E-521 Detergent 2kg,200,320,882,7
2025-08-23,E-521 Detergent 2kg,212,320,882,7
2025-08-24,E-521 Detergent 2kg,100,320,882,7
2025-08-25,E-521 Detergent 2kg,100,320,882,7
2025-08-26,E-521 Detergent 2kg,106,320,882,7
2025-08-27,E-521 Detergent 2kg,94,320,882,7
2025-08-28,E-521 Detergent 2kg,94,320,882,7
2025-08-29,E-521 Detergent 2kg,75,320,882,7
2025-08-30,E-521 Detergent 2kg,75,320,882,7
2025-08-31,E-521 Detergent 2kg,102,320,882,7
2025-09-01,E-521 Detergent 2kg,120,320,882,7
2025-09-02,E-521 Detergent 2kg,92,320,882,7
2025-09-03,E-521 Detergent 2kg,128,320,882,7
2025-09-04,E-521 Detergent 2kg,92,320,882,7
2025-09-05,E-521 Detergent 2kg,80,320,882,7
2025-09-06,E-521 Detergent 2kg,4,320,882,7
2025-09-07,E-521 Detergent 2kg,4,320,882,7
2025-09-08,E-521 Detergent 2kg,104,320,882,7
2025-09-09,E-521 Detergent 2kg,146,320,882,7
2025-09-10,E-521 Detergent 2kg,92,320,882,7
2025-09-11,E-521 Detergent 2kg,89,320,882,7
2025-09-12,E-521 Detergent 2kg,89,320,882,7
2025-09-13,E-521 Detergent 2kg,73,320,882,7
2025-09-14,E-521 Detergent 2kg,96,320,882,7
2025-09-15,E-521 Detergent 2kg,116,320,882,7
2025-09-16,E-521 Detergent 2kg,147,320,882,7
2025-09-17,E-521 Detergent 2kg,94,320,882,7
2025-09-18,E-521 Detergent 2kg,89,320,882,7
2025-09-19,E-521 Detergent 2kg,86,320,882,7
2025-09-20,E-521 Detergent 2kg,84,320,882,7
2025-09-21,E-521 Detergent 2kg,83,320,882,7
2025-09-22,E-521 Detergent 2kg,116,320,882,7
2025-09-23,E-521 Detergent 2kg,115,320,882,7
2025-09-24,E-521 Detergent 2kg,109,320,882,7
2025-09-25,E-521 Detergent 2kg,101,320,882,7
2025-09-26,E-521 Detergent 2kg,89,320,882,7
2025-09-27,E-521 Detergent 2kg,86,320,882,7
2025-09-28,E-521 Detergent 2kg,99,320,882,7
2025-09-29,E-521 Detergent 2kg,95,320,882,7
2025-09-30,E-521 Detergent 2kg,111,320,882,7
2025-10-01,E-521 Detergent 2kg,106,320,882,7
2025-10-02,E-521 Detergent 2kg,84,320,882,7
2025-10-03,E-521 Detergent 2kg,79,320,882,7
2025-10-04,E-521 Detergent 2kg,74,320,882,7
2025-10-05,E-521 Detergent 2kg,112,320,882,7
2025-10-06,E-521 Detergent 2kg,136,320,882,7
2025-10-07,E-521 Detergent 2kg,106,320,882,7
2025-10-08,E-521 Detergent 2kg,107,320,882,7
2025-10-09,E-521 Detergent 2kg,85,320,882,7
2025-10-10,E-521 Detergent 2kg,90,320,882,7
2025-10-11,E-521 Detergent 2kg,85,320,882,7
2025-10-12,E-521 Detergent 2kg,95,320,882,7
2025-10-13,E-521 Detergent 2kg,104,320,882,7
2025-10-14,E-521 Detergent 2kg,112,320,882,7
2025-10-15,E-521 Detergent 2kg,89,320,882,7
2025-10-16,E-521 Detergent 2kg,93,320,882,7
2025-10-17,E-521 Detergent 2kg,70,320,882,7
2025-10-18,E-521 Detergent 2kg,85,320,882,7
2025-10-19,E-521 Detergent 2kg,152,320,882,7
2025-10-20,E-521 Detergent 2kg,192,320,882,7
2025-10-21,E-521 Detergent 2kg,175,320,882,7
2025-10-22,E-521 Detergent 2kg,180,320,882,7
2025-10-23,E-521 Detergent 2kg,122,320,882,7
2025-10-24,E-521 Detergent 2kg,131,320,882,7
2025-10-25,E-521 Detergent 2kg,124,320,882,7
2025-10-26,E-521 Detergent 2kg,152,320,882,7
2025-10-27,E-521 Detergent 2kg,170,320,882,7
2025-10-28,E-521 Detergent 2kg,193,320,882,7
2025-10-29,E-521 Detergent 2kg,121,320,882,7
2025-10-30,E-521 Detergent 2kg,141,320,882,7
2025-10-31,E-521 Detergent 2kg,100,320,882,7
2025-11-01,E-521 Detergent 2kg,90,320,882,7
2025-11-02,E-521 Detergent 2kg,70,320,882,7
2025-11-03,E-521 Detergent 2kg,92,320,882,7
2025-11-04,E-521 Detergent 2kg,86,320,882,7
2025-11-05,E-521 Detergent 2kg,118,320,882,7
2025-11-06,E-521 Detergent 2kg,71,320,882,7
2025-11-07,E-521 Detergent 2kg,76,320,882,7
2025-11-08,E-521 Detergent 2kg,73,320,882,7
2025-11-09,E-521 Detergent 2kg,72,320,882,7
2025-11-10,E-521 Detergent 2kg,100,320,882,7
2025-11-11,E-521 Detergent 2kg,116,320,882,7
2025-11-12,E-521 Detergent 2kg,96,320,882,7
2025-11-13,E-521 Detergent 2kg,93,320,882,7
2025-11-14,E-521 Detergent 2kg,72,320,882,7
2025-11-15,E-521 Detergent 2kg,78,320,882,7
2025-11-16,E-521 Detergent 2kg,87,320,882,7
2025-11-17,E-521 Detergent 2kg,108,320,882,7
2025-11-18,E-521 Detergent 2kg,131,320,882,7
2025-11-19,E-521 Detergent 2kg,102,320,882,7
2025-11-20,E-521 Detergent 2kg,85,320,882,7
2025-11-21,E-521 Detergent 2kg,69,320,882,7
2025-11-22,E-521 Detergent 2kg,71,320,882,7
2025-11-23,E-521 Detergent 2kg,106,320,882,7
2025-11-24,E-521 Detergent 2kg,89,320,882,7
2025-11-25,E-521 Detergent 2kg,94,320,882,7
2025-11-26,E-521 Detergent 2kg,96,320,882,7
2025-11-27,E-521 Detergent 2kg,79,320,882,7
2025-11-28,E-521 Detergent 2kg,92,320,882,7
2025-11-29,E-521 Detergent 2kg,55,320,882,7
2025-11-30,E-521 Detergent 2kg,94,320,882,7
2025-12-01,E-521 Detergent 2kg,111,320,882,7
2025-12-02,E-521 Detergent 2kg,91,320,882,7
2025-12-03,E-521 Detergent 2kg,89,320,882,7
2025-12-04,E-521 Detergent 2kg,87,320,882,7
2025-12-05,E-521 Detergent 2kg,88,320,882,7
2025-12-06,E-521 Detergent 2kg,69,320,882,7
2025-12-07,E-521 Detergent 2kg,73,320,882,7
2025-12-08,E-521 Detergent 2kg,114,320,882,7
2025-12-09,E-521 Detergent 2kg,125,320,882,7
2025-12-10,E-521 Detergent 2kg,93,320,882,7
2025-12-11,E-521 Detergent 2kg,61,320,882,7
2025-12-12,E-521 Detergent 2kg,87,320,882,7
2025-12-13,E-521 Detergent 2kg,75,320,882,7
2025-12-14,E-521 Detergent 2kg,102,320,882,7
2025-12-15,E-521 Detergent 2kg,102,320,882,7
2025-12-16,E-521 Detergent 2kg,101,320,882,7
2025-12-17,E-521 Detergent 2kg,91,320,882,7
2025-12-18,E-521 Detergent 2kg,97,320,882,7
2025-12-19,E-521 Detergent 2kg,87,320,882,7
2025-12-20,E-521 Detergent 2kg,57,320,882,7
2025-12-21,E-521 Detergent 2kg,80,320,882,7
2025-12-22,E-521 Detergent 2kg,124,320,882,7
2025-12-23,E-521 Detergent 2kg,101,320,882,7
2025-12-24,E-521 Detergent 2kg,81,320,882,7
2025-12-25,E-521 Detergent 2kg,83,320,882,7
2025-12-26,E-521 Detergent 2kg,73,320,882,7
2025-12-27,E-521 Detergent 2kg,76,320,882,7
2025-12-28,E-521 Detergent 2kg,85,320,882,7
2025-12-29,E-521 Detergent 2kg,99,320,882,7
2025-12-30,E-521 Detergent 2kg,100,320,882,7
2025-12-31,E-521 Detergent 2kg,101,320,882,7
2026-01-01,E-521 Detergent 2kg,75,320,882,7
2026-01-02,E-521 Detergent 2kg,72,320,882,7
2026-01-03,E-521 Detergent 2kg,76,320,882,7
2026-01-04,E-521 Detergent 2kg,104,320,882,7
2026-01-05,E-521 Detergent 2kg,107,320,882,7
2026-01-06,E-521 Detergent 2kg,104,320,882,7
2026-01-07,E-521 Detergent 2kg,103,320,882,7
2026-01-08,E-521 Detergent 2kg,87,320,882,7
2026-01-09,E-521 Detergent 2kg,84,320,882,7
2026-01-10,E-521 Detergent 2kg,82,320,882,7
2026-01-11,E-521 Detergent 2kg,110,320,882,7
2026-01-12,E-521 Detergent 2kg,120,320,882,7
2026-01-13,E-521 Detergent 2kg,106,320,882,7
2026-01-14,E-521 Detergent 2kg,93,320,882,7
2026-01-15,E-521 Detergent 2kg,92,320,882,7
2026-01-16,E-521 Detergent 2kg,79,320,882,7
2026-01-17,E-521 Detergent 2kg,77,320,882,7
2026-01-18,E-521 Detergent 2kg,75,320,882,7
2026-01-19,E-521 Detergent 2kg,81,320,882,7
2026-01-20,E-521 Detergent 2kg,111,320,882,7
2026-01-21,E-521 Detergent 2kg,107,320,882,7
2026-01-22,E-521 Detergent 2kg,92,320,882,7
2026-01-23,E-521 Detergent 2kg,63,320,882,7
2026-01-24,E-521 Detergent 2kg,88,320,882,7
2026-01-25,E-521 Detergent 2kg,85,320,882,7
2026-01-26,E-521 Detergent 2kg,109,320,882,7
2026-01-27,E-521 Detergent 2kg,113,320,882,7
2026-01-28,E-521 Detergent 2kg,89,320,882,7
2026-01-29,E-521 Detergent 2kg,78,320,882,7
2026-01-30,E-521 Detergent 2kg,57,320,882,7
2026-01-31,E-521 Detergent 2kg,70,320,882,7
2026-02-01,E-521 Detergent 2kg,72,320,882,7
2026-02-02,E-521 Detergent 2kg,110,320,882,7
2026-02-03,E-521 Detergent 2kg,109,320,882,7
2026-02-04,E-521 Detergent 2kg,110,320,882,7
2026-02-05,E-521 Detergent 2kg,89,320,882,7
2026-02-06,E-521 Detergent 2kg,70,320,882,7
2026-02-07,E-521 Detergent 2kg,83,320,882,7
2026-02-08,E-521 Detergent 2kg,88,320,882,7
2026-02-09,E-521 Detergent 2kg,113,320,882,7
2026-02-10,E-521 Detergent 2kg,113,320,882,7
2026-02-11,E-521 Detergent 2kg,88,320,882,7
2026-02-12,E-521 Detergent 2kg,86,320,882,7
2026-02-13,E-521 Detergent 2kg,77,320,882,7
2026-02-14,E-521 Detergent 2kg,77,320,882,7
2026-02-15,E-521 Detergent 2kg,103,320,882,7
2026-02-16,E-521 Detergent 2kg,129,320,882,7
2026-02-17,E-521 Detergent 2kg,105,320,882,7
2026-02-18,E-521 Detergent 2kg,97,320,882,7
2026-02-19,E-521 Detergent 2kg,63,320,882,7
2026-02-20,E-521 Detergent 2kg,76,320,882,7
2026-02-21,E-521 Detergent 2kg,77,320,882,7
2026-02-22,E-521 Detergent 2kg,70,320,882,7
2026-02-23,E-521 Detergent 2kg,111,320,882,7
2026-02-24,E-521 Detergent 2kg,119,320,882,7
2026-02-25,E-521 Detergent 2kg,93,320,882,7
2026-02-26,E-521 Detergent 2kg,83,320,882,7
2026-02-27,E-521 Detergent 2kg,69,320,882,7
2026-02-28,E-521 Detergent 2kg,89,320,882,7
2026-03-01,E-521 Detergent 2kg,215,320,882,7
2026-03-02,E-521 Detergent 2kg,289,320,882,7
2026-03-03,E-521 Detergent 2kg,383,320,882,7
2026-03-04,E-521 Detergent 2kg,104,320,882,7
2026-03-05,E-521 Detergent 2kg,93,320,882,7
2026-03-06,E-521 Detergent 2kg,78,320,882,7
2026-03-07,E-521 Detergent 2kg,71,320,882,7
2026-03-08,E-521 Detergent 2kg,96,320,882,7
2026-03-09,E-521 Detergent 2kg,115,320,882,7
2026-03-10,E-521 Detergent 2kg,99,320,882,7
2026-03-11,E-521 Detergent 2kg,108,320,882,7
2026-03-12,E-521 Detergent 2kg,102,320,882,7
2026-03-13,E-521 Detergent 2kg,90,320,882,7
2026-03-14,E-521 Detergent 2kg,67,320,882,7
2026-03-15,E-521 Detergent 2kg,86,320,882,7
2026-03-16,E-521 Detergent 2kg,89,320,882,7
2026-03-17,E-521 Detergent 2kg,129,320,882,7
2026-03-18,E-521 Detergent 2kg,113,320,882,7
2026-03-19,E-521 Detergent 2kg,98,320,882,7
2026-03-20,E-521 Detergent 2kg,72,320,882,7
2026-03-21,E-521 Detergent 2kg,72,320,882,7
2026-03-22,E-521 Detergent 2kg,260,320,882,7
2026-03-23,E-521 Detergent 2kg,298,320,882,7
2026-03-24,E-521 Detergent 2kg,272,320,882,7
2026-03-25,E-521 Detergent 2kg,108,320,882,7
2026-03-26,E-521 Detergent 2kg,98,320,882,7
2026-03-27,E-521 Detergent 2kg,84,320,882,7
2026-03-28,E-521 Detergent 2kg,74,320,882,7
2026-03-29,E-521 Detergent 2kg,74,320,882,7
2026-03-30,E-521 Detergent 2kg,110,320,882,7
2026-03-31,E-521 Detergent 2kg,119,320,882,7
2026-04-01,E-521 Detergent 2kg,104,320,882,7
2026-04-02,E-521 Detergent 2kg,87,320,882,7
2026-04-03,E-521 Detergent 2kg,75,320,882,7
2026-04-04,E-521 Detergent 2kg,93,320,882,7
2026-04-05,E-521 Detergent 2kg,99,320,882,7
2026-04-06,E-521 Detergent 2kg,116,320,882,7
2026-04-07,E-521 Detergent 2kg,265,320,882,7
2026-04-08,E-521 Detergent 2kg,255,320,882,7
2026-04-09,E-521 Detergent 2kg,241,320,882,7
2026-04-10,E-521 Detergent 2kg,73,320,882,7
2026-04-11,E-521 Detergent 2kg,73,320,882,7
2026-04-12,E-521 Detergent 2kg,97,320,882,7
2026-04-13,E-521 Detergent 2kg,132,320,882,7
2026-04-14,E-521 Detergent 2kg,122,320,882,7
2026-04-15,E-521 Detergent 2kg,128,320,882,7
2026-04-16,E-521 Detergent 2kg,92,320,882,7
2026-04-17,E-521 Detergent 2kg,81,320,882,7
2026-04-18,E-521 Detergent 2kg,73,320,882,7
2026-04-19,E-521 Detergent 2kg,95,320,882,7
2026-04-20,E-521 Detergent 2kg,136,320,882,7
2026-04-21,E-521 Detergent 2kg,125,320,882,7
2026-04-22,E-521 Detergent 2kg,120,320,882,7
2026-04-23,E-521 Detergent 2kg,102,320,882,7
2026-04-24,E-521 Detergent 2kg,84,320,882,7
2026-04-25,E-521 Detergent 2kg,86,320,882,7
2026-04-26,E-521 Detergent 2kg,104,320,882,7
2026-04-27,E-521 Detergent 2kg,127,320,882,7
2026-04-28,E-521 Detergent 2kg,128,320,882,7
2026-04-29,E-521 Detergent 2kg,118,320,882,7
2026-04-30,E-521 Detergent 2kg,97,320,882,7
2026-05-01,E-521 Detergent 2kg,77,320,882,7
2026-05-02,E-521 Detergent 2kg,86,320,882,7
2026-05-03,E-521 Detergent 2kg,92,320,882,7
2026-05-04,E-521 Detergent 2kg,132,320,882,7
2026-05-05,E-521 Detergent 2kg,91,320,882,7
2026-05-06,E-521 Detergent 2kg,109,320,882,7
2026-05-07,E-521 Detergent 2kg,123,320,882,7
2026-05-08,E-521 Detergent 2kg,82,320,882,7
2026-05-09,E-521 Detergent 2kg,77,320,882,7
2026-05-10,E-521 Detergent 2kg,104,320,882,7
2026-05-11,E-521 Detergent 2kg,137,320,882,7
2026-05-12,E-521 Detergent 2kg,120,320,882,7
2026-05-13,E-521 Detergent 2kg,121,320,882,7
2026-05-14,E-521 Detergent 2kg,97,320,882,7
2026-05-15,E-521 Detergent 2kg,82,320,882,7
2026-05-16,E-521 Detergent 2kg,124,320,882,7
2026-05-17,E-521 Detergent 2kg,106,320,882,7
2026-05-18,E-521 Detergent 2kg,112,320,882,7
2026-05-19,E-521 Detergent 2kg,116,320,882,7
2026-05-20,E-521 Detergent 2kg,118,320,882,7
2026-05-21,E-521 Detergent 2kg,102,320,882,7
2026-05-22,E-521 Detergent 2kg,95,320,882,7
2026-05-23,E-521 Detergent 2kg,92,320,882,7
2026-05-24,E-521 Detergent 2kg,87,320,882,7
2026-05-25,E-521 Detergent 2kg,128,320,882,7
2026-05-26,E-521 Detergent 2kg,119,320,882,7
2026-05-27,E-521 Detergent 2kg,110,320,882,7
2026-05-28,E-521 Detergent 2kg,80,320,882,7
2026-05-29,E-521 Detergent 2kg,81,320,882,7
2026-05-30,E-521 Detergent 2kg,83,320,882,7
2026-05-31,E-521 Detergent 2kg,105,320,882,7
2026-06-01,E-521 Detergent 2kg,100,320,882,7
2026-06-02,E-521 Detergent 2kg,125,320,882,7
2026-06-03,E-521 Detergent 2kg,116,320,882,7
2026-06-04,E-521 Detergent 2kg,84,320,882,7
2026-06-05,E-521 Detergent 2kg,81,320,882,7
2026-06-06,E-521 Detergent 2kg,82,320,882,7
2026-06-07,E-521 Detergent 2kg,117,320,882,7
2026-06-08,E-521 Detergent 2kg,84,320,882,7
2026-06-09,E-521 Detergent 2kg,119,320,882,7
2026-06-10,E-521 Detergent 2kg,92,320,882,7
2026-06-11,E-521 Detergent 2kg,5,320,882,7
2026-06-12,E-521 Detergent 2kg,5,320,882,7
2026-06-13,E-521 Detergent 2kg,84,320,882,7
2026-06-14,E-521 Detergent 2kg,108,320,882,7
2026-06-15,E-521 Detergent 2kg,287,320,882,7
2026-06-16,E-521 Detergent 2kg,405,320,882,7
2026-06-17,E-521 Detergent 2kg,334,320,882,7
2026-06-18,E-521 Detergent 2kg,111,320,882,7
2026-06-19,E-521 Detergent 2kg,74,320,882,7
2026-06-20,E-521 Detergent 2kg,79,320,882,7
2026-06-21,E-521 Detergent 2kg,120,320,882,7
2026-06-22,E-521 Detergent 2kg,118,320,882,7
2026-06-23,E-521 Detergent 2kg,121,320,882,7
2026-06-24,E-521 Detergent 2kg,119,320,882,7
2026-06-25,E-521 Detergent 2kg,83,320,882,7
2026-06-26,E-521 Detergent 2kg,96,320,882,7
2026-06-27,E-521 Detergent 2kg,91,320,882,7
2026-06-28,E-521 Detergent 2kg,112,320,882,7
2026-06-29,E-521 Detergent 2kg,111,320,882,7
2026-06-30,E-521 Detergent 2kg,132,320,882,7
2026-07-01,E-521 Detergent 2kg,105,320,882,7
2026-07-02,E-521 Detergent 2kg,109,320,882,7
2026-07-03,E-521 Detergent 2kg,99,320,882,7
2026-07-04,E-521 Detergent 2kg,101,320,882,7
2026-07-05,E-521 Detergent 2kg,113,320,882,7
2026-07-06,E-521 Detergent 2kg,130,320,882,7
2026-07-07,E-521 Detergent 2kg,84,320,882,7
2026-07-08,E-521 Detergent 2kg,126,320,882,7
2026-07-09,E-521 Detergent 2kg,94,320,882,7
2026-07-10,E-521 Detergent 2kg,88,320,882,7
2026-07-11,E-521 Detergent 2kg,88,320,882,7
2026-07-12,E-521 Detergent 2kg,88,320,882,7
2026-07-13,E-521 Detergent 2kg,113,320,882,7
2026-07-14,E-521 Detergent 2kg,134,320,882,7
2026-07-15,E-521 Detergent 2kg,133,320,882,7
2026-07-16,E-521 Detergent 2kg,90,320,882,7
2026-07-17,E-521 Detergent 2kg,78,320,882,7
2026-07-18,E-521 Detergent 2kg,106,320,882,7
2026-07-19,E-521 Detergent 2kg,94,320,882,7
2026-07-20,E-521 Detergent 2kg,150,320,882,7
2026-07-21,E-521 Detergent 2kg,125,320,882,7
2026-07-22,E-521 Detergent 2kg,101,320,882,7
2026-07-23,E-521 Detergent 2kg,108,320,882,7
2026-07-24,E-521 Detergent 2kg,104,320,882,7
2026-07-25,E-521 Detergent 2kg,75,320,882,7
2026-07-26,E-521 Detergent 2kg,125,320,882,7
2026-07-27,E-521 Detergent 2kg,116,320,882,7
2026-07-28,E-521 Detergent 2kg,145,320,882,7
2026-07-29,E-521 Detergent 2kg,108,320,882,7
2026-07-30,E-521 Detergent 2kg,78,320,882,7
2026-07-31,E-521 Detergent 2kg,91,320,882,7
2026-08-01,E-521 Detergent 2kg,100,320,882,7
2026-08-02,E-521 Detergent 2kg,131,320,882,7
2026-08-03,E-521 Detergent 2kg,144,320,882,7
2026-08-04,E-521 Detergent 2kg,133,320,882,7
2026-08-05,E-521 Detergent 2kg,109,320,882,7
2026-08-06,E-521 Detergent 2kg,90,320,882,7
2026-08-07,E-521 Detergent 2kg,83,320,882,7
2026-08-08,E-521 Detergent 2kg,80,320,882,7
2026-08-09,E-521 Detergent 2kg,100,320,882,7
2026-08-10,E-521 Detergent 2kg,82,320,882,7
2026-08-11,E-521 Detergent 2kg,124,320,882,7
2026-08-12,E-521 Detergent 2kg,111,320,882,7
2026-08-13,E-521 Detergent 2kg,125,320,882,7
2026-08-14,E-521 Detergent 2kg,93,320,882,7
2026-08-15,E-521 Detergent 2kg,84,320,882,7
2026-08-16,E-521 Detergent 2kg,110,320,882,7
2026-08-17,E-521 Detergent 2kg,100,320,882,7
2026-08-18,E-521 Detergent 2kg,112,320,882,7
2026-08-19,E-521 Detergent 2kg,86,320,882,7
2026-08-20,E-521 Detergent 2kg,111,320,882,7
2026-08-21,E-521 Detergent 2kg,91,320,882,7
2026-08-22,E-521 Detergent 2kg,76,320,882,7
2026-08-23,E-521 Detergent 2kg,102,320,882,7
2026-08-24,E-521 Detergent 2kg,130,320,882,7
2026-08-25,E-521 Detergent 2kg,127,320,882,7
2026-08-26,E-521 Detergent 2kg,115,320,882,7
2026-08-27,E-521 Detergent 2kg,84,320,882,7
2026-08-28,E-521 Detergent 2kg,77,320,882,7
2026-08-29,E-521 Detergent 2kg,88,320,882,7
2026-08-30,E-521 Detergent 2kg,113,320,882,7
2026-08-31,E-521 Detergent 2kg,104,320,882,7
2026-09-01,E-521 Detergent 2kg,103,320,882,7
2026-09-02,E-521 Detergent 2kg,124,320,882,7
2026-09-03,E-521 Detergent 2kg,83,320,882,7
2026-09-04,E-521 Detergent 2kg,94,320,882,7
2026-09-05,E-521 Detergent 2kg,89,320,882,7
2026-09-06,E-521 Detergent 2kg,111,320,882,7
2026-09-07,E-521 Detergent 2kg,139,320,882,7
2026-09-08,E-521 Detergent 2kg,128,320,882,7
2026-09-09,E-521 Detergent 2kg,118,320,882,7
2026-09-10,E-521 Detergent 2kg,82,320,882,7
2026-09-11,E-521 Detergent 2kg,76,320,882,7
2026-09-12,E-521 Detergent 2kg,92,320,882,7
2026-09-13,E-521 Detergent 2kg,118,320,882,7
2026-09-14,E-521 Detergent 2kg,132,320,882,7
2026-09-15,E-521 Detergent 2kg,149,320,882,7
2026-09-16,E-521 Detergent 2kg,111,320,882,7
2026-09-17,E-521 Detergent 2kg,94,320,882,7
2024-09-18,F-604 Sunscreen SPF50,23,549,1147,10
2024-09-19,F-604 Sunscreen SPF50,29,549,1147,10
2024-09-20,F-604 Sunscreen SPF50,27,549,1147,10
2024-09-21,F-604 Sunscreen SPF50,23,549,1147,10
2024-09-22,F-604 Sunscreen SPF50,31,549,1147,10
2024-09-23,F-604 Sunscreen SPF50,28,549,1147,10
2024-09-24,F-604 Sunscreen SPF50,28,549,1147,10
2024-09-25,F-604 Sunscreen SPF50,29,549,1147,10
2024-09-26,F-604 Sunscreen SPF50,24,549,1147,10
2024-09-27,F-604 Sunscreen SPF50,30,549,1147,10
2024-09-28,F-604 Sunscreen SPF50,20,549,1147,10
2024-09-29,F-604 Sunscreen SPF50,29,549,1147,10
2024-09-30,F-604 Sunscreen SPF50,32,549,1147,10
2024-10-01,F-604 Sunscreen SPF50,22,549,1147,10
2024-10-02,F-604 Sunscreen SPF50,21,549,1147,10
2024-10-03,F-604 Sunscreen SPF50,25,549,1147,10
2024-10-04,F-604 Sunscreen SPF50,21,549,1147,10
2024-10-05,F-604 Sunscreen SPF50,23,549,1147,10
2024-10-06,F-604 Sunscreen SPF50,27,549,1147,10
2024-10-07,F-604 Sunscreen SPF50,25,549,1147,10
2024-10-08,F-604 Sunscreen SPF50,23,549,1147,10
2024-10-09,F-604 Sunscreen SPF50,16,549,1147,10
2024-10-10,F-604 Sunscreen SPF50,22,549,1147,10
2024-10-11,F-604 Sunscreen SPF50,18,549,1147,10
2024-10-12,F-604 Sunscreen SPF50,21,549,1147,10
2024-10-13,F-604 Sunscreen SPF50,22,549,1147,10
2024-10-14,F-604 Sunscreen SPF50,19,549,1147,10
2024-10-15,F-604 Sunscreen SPF50,28,549,1147,10
2024-10-16,F-604 Sunscreen SPF50,25,549,1147,10
2024-10-17,F-604 Sunscreen SPF50,21,549,1147,10
2024-10-18,F-604 Sunscreen SPF50,15,549,1147,10
2024-10-19,F-604 Sunscreen SPF50,27,549,1147,10
2024-10-20,F-604 Sunscreen SPF50,29,549,1147,10
2024-10-21,F-604 Sunscreen SPF50,32,549,1147,10
2024-10-22,F-604 Sunscreen SPF50,29,549,1147,10
2024-10-23,F-604 Sunscreen SPF50,33,549,1147,10
2024-10-24,F-604 Sunscreen SPF50,28,549,1147,10
2024-10-25,F-604 Sunscreen SPF50,27,549,1147,10
2024-10-26,F-604 Sunscreen SPF50,24,549,1147,10
2024-10-27,F-604 Sunscreen SPF50,32,549,1147,10
2024-10-28,F-604 Sunscreen SPF50,31,549,1147,10
2024-10-29,F-604 Sunscreen SPF50,20,549,1147,10
2024-10-30,F-604 Sunscreen SPF50,26,549,1147,10
2024-10-31,F-604 Sunscreen SPF50,25,549,1147,10
2024-11-01,F-604 Sunscreen SPF50,16,549,1147,10
2024-11-02,F-604 Sunscreen SPF50,14,549,1147,10
2024-11-03,F-604 Sunscreen SPF50,15,549,1147,10
2024-11-04,F-604 Sunscreen SPF50,15,549,1147,10
2024-11-05,F-604 Sunscreen SPF50,18,549,1147,10
2024-11-06,F-604 Sunscreen SPF50,15,549,1147,10
2024-11-07,F-604 Sunscreen SPF50,13,549,1147,10
2024-11-08,F-604 Sunscreen SPF50,12,549,1147,10
2024-11-09,F-604 Sunscreen SPF50,14,549,1147,10
2024-11-10,F-604 Sunscreen SPF50,13,549,1147,10
2024-11-11,F-604 Sunscreen SPF50,12,549,1147,10
2024-11-12,F-604 Sunscreen SPF50,16,549,1147,10
2024-11-13,F-604 Sunscreen SPF50,13,549,1147,10
2024-11-14,F-604 Sunscreen SPF50,13,549,1147,10
2024-11-15,F-604 Sunscreen SPF50,12,549,1147,10
2024-11-16,F-604 Sunscreen SPF50,13,549,1147,10
2024-11-17,F-604 Sunscreen SPF50,14,549,1147,10
2024-11-18,F-604 Sunscreen SPF50,12,549,1147,10
2024-11-19,F-604 Sunscreen SPF50,13,549,1147,10
2024-11-20,F-604 Sunscreen SPF50,11,549,1147,10
2024-11-21,F-604 Sunscreen SPF50,13,549,1147,10
2024-11-22,F-604 Sunscreen SPF50,11,549,1147,10
2024-11-23,F-604 Sunscreen SPF50,12,549,1147,10
2024-11-24,F-604 Sunscreen SPF50,11,549,1147,10
2024-11-25,F-604 Sunscreen SPF50,9,549,1147,10
2024-11-26,F-604 Sunscreen SPF50,14,549,1147,10
2024-11-27,F-604 Sunscreen SPF50,12,549,1147,10
2024-11-28,F-604 Sunscreen SPF50,10,549,1147,10
2024-11-29,F-604 Sunscreen SPF50,9,549,1147,10
2024-11-30,F-604 Sunscreen SPF50,10,549,1147,10
2024-12-01,F-604 Sunscreen SPF50,11,549,1147,10
2024-12-02,F-604 Sunscreen SPF50,9,549,1147,10
2024-12-03,F-604 Sunscreen SPF50,13,549,1147,10
2024-12-04,F-604 Sunscreen SPF50,10,549,1147,10
2024-12-05,F-604 Sunscreen SPF50,9,549,1147,10
2024-12-06,F-604 Sunscreen SPF50,11,549,1147,10
2024-12-07,F-604 Sunscreen SPF50,10,549,1147,10
2024-12-08,F-604 Sunscreen SPF50,9,549,1147,10
2024-12-09,F-604 Sunscreen SPF50,8,549,1147,10
2024-12-10,F-604 Sunscreen SPF50,11,549,1147,10
2024-12-11,F-604 Sunscreen SPF50,11,549,1147,10
2024-12-12,F-604 Sunscreen SPF50,9,549,1147,10
2024-12-13,F-604 Sunscreen SPF50,7,549,1147,10
2024-12-14,F-604 Sunscreen SPF50,8,549,1147,10
2024-12-15,F-604 Sunscreen SPF50,8,549,1147,10
2024-12-16,F-604 Sunscreen SPF50,11,549,1147,10
2024-12-17,F-604 Sunscreen SPF50,12,549,1147,10
2024-12-18,F-604 Sunscreen SPF50,11,549,1147,10
2024-12-19,F-604 Sunscreen SPF50,8,549,1147,10
2024-12-20,F-604 Sunscreen SPF50,9,549,1147,10
2024-12-21,F-604 Sunscreen SPF50,9,549,1147,10
2024-12-22,F-604 Sunscreen SPF50,9,549,1147,10
2024-12-23,F-604 Sunscreen SPF50,10,549,1147,10
2024-12-24,F-604 Sunscreen SPF50,13,549,1147,10
2024-12-25,F-604 Sunscreen SPF50,10,549,1147,10
2024-12-26,F-604 Sunscreen SPF50,10,549,1147,10
2024-12-27,F-604 Sunscreen SPF50,8,549,1147,10
2024-12-28,F-604 Sunscreen SPF50,9,549,1147,10
2024-12-29,F-604 Sunscreen SPF50,8,549,1147,10
2024-12-30,F-604 Sunscreen SPF50,11,549,1147,10
2024-12-31,F-604 Sunscreen SPF50,13,549,1147,10
2025-01-01,F-604 Sunscreen SPF50,13,549,1147,10
2025-01-02,F-604 Sunscreen SPF50,11,549,1147,10
2025-01-03,F-604 Sunscreen SPF50,10,549,1147,10
2025-01-04,F-604 Sunscreen SPF50,9,549,1147,10
2025-01-05,F-604 Sunscreen SPF50,10,549,1147,10
2025-01-06,F-604 Sunscreen SPF50,11,549,1147,10
2025-01-07,F-604 Sunscreen SPF50,13,549,1147,10
2025-01-08,F-604 Sunscreen SPF50,10,549,1147,10
2025-01-09,F-604 Sunscreen SPF50,11,549,1147,10
2025-01-10,F-604 Sunscreen SPF50,9,549,1147,10
2025-01-11,F-604 Sunscreen SPF50,8,549,1147,10
2025-01-12,F-604 Sunscreen SPF50,10,549,1147,10
2025-01-13,F-604 Sunscreen SPF50,10,549,1147,10
2025-01-14,F-604 Sunscreen SPF50,11,549,1147,10
2025-01-15,F-604 Sunscreen SPF50,14,549,1147,10
2025-01-16,F-604 Sunscreen SPF50,11,549,1147,10
2025-01-17,F-604 Sunscreen SPF50,11,549,1147,10
2025-01-18,F-604 Sunscreen SPF50,13,549,1147,10
2025-01-19,F-604 Sunscreen SPF50,14,549,1147,10
2025-01-20,F-604 Sunscreen SPF50,13,549,1147,10
2025-01-21,F-604 Sunscreen SPF50,17,549,1147,10
2025-01-22,F-604 Sunscreen SPF50,14,549,1147,10
2025-01-23,F-604 Sunscreen SPF50,13,549,1147,10
2025-01-24,F-604 Sunscreen SPF50,13,549,1147,10
2025-01-25,F-604 Sunscreen SPF50,10,549,1147,10
2025-01-26,F-604 Sunscreen SPF50,13,549,1147,10
2025-01-27,F-604 Sunscreen SPF50,15,549,1147,10
2025-01-28,F-604 Sunscreen SPF50,17,549,1147,10
2025-01-29,F-604 Sunscreen SPF50,15,549,1147,10
2025-01-30,F-604 Sunscreen SPF50,14,549,1147,10
2025-01-31,F-604 Sunscreen SPF50,15,549,1147,10
2025-02-01,F-604 Sunscreen SPF50,16,549,1147,10
2025-02-02,F-604 Sunscreen SPF50,17,549,1147,10
2025-02-03,F-604 Sunscreen SPF50,20,549,1147,10
2025-02-04,F-604 Sunscreen SPF50,17,549,1147,10
2025-02-05,F-604 Sunscreen SPF50,17,549,1147,10
2025-02-06,F-604 Sunscreen SPF50,17,549,1147,10
2025-02-07,F-604 Sunscreen SPF50,15,549,1147,10
2025-02-08,F-604 Sunscreen SPF50,15,549,1147,10
2025-02-09,F-604 Sunscreen SPF50,21,549,1147,10
2025-02-10,F-604 Sunscreen SPF50,19,549,1147,10
2025-02-11,F-604 Sunscreen SPF50,18,549,1147,10
2025-02-12,F-604 Sunscreen SPF50,21,549,1147,10
2025-02-13,F-604 Sunscreen SPF50,22,549,1147,10
2025-02-14,F-604 Sunscreen SPF50,47,549,1147,10
2025-02-15,F-604 Sunscreen SPF50,55,549,1147,10
2025-02-16,F-604 Sunscreen SPF50,51,549,1147,10
2025-02-17,F-604 Sunscreen SPF50,21,549,1147,10
2025-02-18,F-604 Sunscreen SPF50,21,549,1147,10
2025-02-19,F-604 Sunscreen SPF50,22,549,1147,10
2025-02-20,F-604 Sunscreen SPF50,25,549,1147,10
2025-02-21,F-604 Sunscreen SPF50,17,549,1147,10
2025-02-22,F-604 Sunscreen SPF50,24,549,1147,10
2025-02-23,F-604 Sunscreen SPF50,20,549,1147,10
2025-02-24,F-604 Sunscreen SPF50,24,549,1147,10
2025-02-25,F-604 Sunscreen SPF50,29,549,1147,10
2025-02-26,F-604 Sunscreen SPF50,27,549,1147,10
2025-02-27,F-604 Sunscreen SPF50,24,549,1147,10
2025-02-28,F-604 Sunscreen SPF50,17,549,1147,10
2025-03-01,F-604 Sunscreen SPF50,23,549,1147,10
2025-03-02,F-604 Sunscreen SPF50,22,549,1147,10
2025-03-03,F-604 Sunscreen SPF50,37,549,1147,10
2025-03-04,F-604 Sunscreen SPF50,28,549,1147,10
2025-03-05,F-604 Sunscreen SPF50,28,549,1147,10
2025-03-06,F-604 Sunscreen SPF50,22,549,1147,10
2025-03-07,F-604 Sunscreen SPF50,23,549,1147,10
2025-03-08,F-604 Sunscreen SPF50,21,549,1147,10
2025-03-09,F-604 Sunscreen SPF50,31,549,1147,10
2025-03-10,F-604 Sunscreen SPF50,85,549,1147,10
2025-03-11,F-604 Sunscreen SPF50,97,549,1147,10
2025-03-12,F-604 Sunscreen SPF50,80,549,1147,10
2025-03-13,F-604 Sunscreen SPF50,26,549,1147,10
2025-03-14,F-604 Sunscreen SPF50,30,549,1147,10
2025-03-15,F-604 Sunscreen SPF50,24,549,1147,10
2025-03-16,F-604 Sunscreen SPF50,24,549,1147,10
2025-03-17,F-604 Sunscreen SPF50,36,549,1147,10
2025-03-18,F-604 Sunscreen SPF50,30,549,1147,10
2025-03-19,F-604 Sunscreen SPF50,32,549,1147,10
2025-03-20,F-604 Sunscreen SPF50,34,549,1147,10
2025-03-21,F-604 Sunscreen SPF50,26,549,1147,10
2025-03-22,F-604 Sunscreen SPF50,33,549,1147,10
2025-03-23,F-604 Sunscreen SPF50,31,549,1147,10
2025-03-24,F-604 Sunscreen SPF50,44,549,1147,10
2025-03-25,F-604 Sunscreen SPF50,44,549,1147,10
2025-03-26,F-604 Sunscreen SPF50,35,549,1147,10
2025-03-27,F-604 Sunscreen SPF50,32,549,1147,10
2025-03-28,F-604 Sunscreen SPF50,28,549,1147,10
2025-03-29,F-604 Sunscreen SPF50,33,549,1147,10
2025-03-30,F-604 Sunscreen SPF50,41,549,1147,10
2025-03-31,F-604 Sunscreen SPF50,33,549,1147,10
2025-04-01,F-604 Sunscreen SPF50,46,549,1147,10
2025-04-02,F-604 Sunscreen SPF50,33,549,1147,10
2025-04-03,F-604 Sunscreen SPF50,32,549,1147,10
2025-04-04,F-604 Sunscreen SPF50,27,549,1147,10
2025-04-05,F-604 Sunscreen SPF50,44,549,1147,10
2025-04-06,F-604 Sunscreen SPF50,40,549,1147,10
2025-04-07,F-604 Sunscreen SPF50,45,549,1147,10
2025-04-08,F-604 Sunscreen SPF50,41,549,1147,10
2025-04-09,F-604 Sunscreen SPF50,48,549,1147,10
2025-04-10,F-604 Sunscreen SPF50,29,549,1147,10
2025-04-11,F-604 Sunscreen SPF50,37,549,1147,10
2025-04-12,F-604 Sunscreen SPF50,48,549,1147,10
2025-04-13,F-604 Sunscreen SPF50,40,549,1147,10
2025-04-14,F-604 Sunscreen SPF50,46,549,1147,10
2025-04-15,F-604 Sunscreen SPF50,52,549,1147,10
2025-04-16,F-604 Sunscreen SPF50,41,549,1147,10
2025-04-17,F-604 Sunscreen SPF50,41,549,1147,10
2025-04-18,F-604 Sunscreen SPF50,43,549,1147,10
2025-04-19,F-604 Sunscreen SPF50,41,549,1147,10
2025-04-20,F-604 Sunscreen SPF50,47,549,1147,10
2025-04-21,F-604 Sunscreen SPF50,47,549,1147,10
2025-04-22,F-604 Sunscreen SPF50,53,549,1147,10
2025-04-23,F-604 Sunscreen SPF50,48,549,1147,10
2025-04-24,F-604 Sunscreen SPF50,51,549,1147,10
2025-04-25,F-604 Sunscreen SPF50,45,549,1147,10
2025-04-26,F-604 Sunscreen SPF50,41,549,1147,10
2025-04-27,F-604 Sunscreen SPF50,33,549,1147,10
2025-04-28,F-604 Sunscreen SPF50,56,549,1147,10
2025-04-29,F-604 Sunscreen SPF50,58,549,1147,10
2025-04-30,F-604 Sunscreen SPF50,45,549,1147,10
2025-05-01,F-604 Sunscreen SPF50,35,549,1147,10
2025-05-02,F-604 Sunscreen SPF50,37,549,1147,10
2025-05-03,F-604 Sunscreen SPF50,49,549,1147,10
2025-05-04,F-604 Sunscreen SPF50,43,549,1147,10
2025-05-05,F-604 Sunscreen SPF50,51,549,1147,10
2025-05-06,F-604 Sunscreen SPF50,57,549,1147,10
2025-05-07,F-604 Sunscreen SPF50,61,549,1147,10
2025-05-08,F-604 Sunscreen SPF50,48,549,1147,10
2025-05-09,F-604 Sunscreen SPF50,44,549,1147,10
2025-05-10,F-604 Sunscreen SPF50,43,549,1147,10
2025-05-11,F-604 Sunscreen SPF50,62,549,1147,10
2025-05-12,F-604 Sunscreen SPF50,64,549,1147,10
2025-05-13,F-604 Sunscreen SPF50,57,549,1147,10
2025-05-14,F-604 Sunscreen SPF50,46,549,1147,10
2025-05-15,F-604 Sunscreen SPF50,45,549,1147,10
2025-05-16,F-604 Sunscreen SPF50,50,549,1147,10
2025-05-17,F-604 Sunscreen SPF50,44,549,1147,10
2025-05-18,F-604 Sunscreen SPF50,59,549,1147,10
2025-05-19,F-604 Sunscreen SPF50,61,549,1147,10
2025-05-20,F-604 Sunscreen SPF50,62,549,1147,10
2025-05-21,F-604 Sunscreen SPF50,61,549,1147,10
2025-05-22,F-604 Sunscreen SPF50,55,549,1147,10
2025-05-23,F-604 Sunscreen SPF50,43,549,1147,10
2025-05-24,F-604 Sunscreen SPF50,48,549,1147,10
2025-05-25,F-604 Sunscreen SPF50,70,549,1147,10
2025-05-26,F-604 Sunscreen SPF50,52,549,1147,10
2025-05-27,F-604 Sunscreen SPF50,58,549,1147,10
2025-05-28,F-604 Sunscreen SPF50,66,549,1147,10
2025-05-29,F-604 Sunscreen SPF50,52,549,1147,10
2025-05-30,F-604 Sunscreen SPF50,44,549,1147,10
2025-05-31,F-604 Sunscreen SPF50,43,549,1147,10
2025-06-01,F-604 Sunscreen SPF50,60,549,1147,10
2025-06-02,F-604 Sunscreen SPF50,69,549,1147,10
2025-06-03,F-604 Sunscreen SPF50,74,549,1147,10
2025-06-04,F-604 Sunscreen SPF50,60,549,1147,10
2025-06-05,F-604 Sunscreen SPF50,61,549,1147,10
2025-06-06,F-604 Sunscreen SPF50,44,549,1147,10
2025-06-07,F-604 Sunscreen SPF50,53,549,1147,10
2025-06-08,F-604 Sunscreen SPF50,52,549,1147,10
2025-06-09,F-604 Sunscreen SPF50,64,549,1147,10
2025-06-10,F-604 Sunscreen SPF50,70,549,1147,10
2025-06-11,F-604 Sunscreen SPF50,68,549,1147,10
2025-06-12,F-604 Sunscreen SPF50,48,549,1147,10
2025-06-13,F-604 Sunscreen SPF50,59,549,1147,10
2025-06-14,F-604 Sunscreen SPF50,49,549,1147,10
2025-06-15,F-604 Sunscreen SPF50,51,549,1147,10
2025-06-16,F-604 Sunscreen SPF50,62,549,1147,10
2025-06-17,F-604 Sunscreen SPF50,53,549,1147,10
2025-06-18,F-604 Sunscreen SPF50,61,549,1147,10
2025-06-19,F-604 Sunscreen SPF50,57,549,1147,10
2025-06-20,F-604 Sunscreen SPF50,50,549,1147,10
2025-06-21,F-604 Sunscreen SPF50,56,549,1147,10
2025-06-22,F-604 Sunscreen SPF50,56,549,1147,10
2025-06-23,F-604 Sunscreen SPF50,63,549,1147,10
2025-06-24,F-604 Sunscreen SPF50,54,549,1147,10
2025-06-25,F-604 Sunscreen SPF50,61,549,1147,10
2025-06-26,F-604 Sunscreen SPF50,49,549,1147,10
2025-06-27,F-604 Sunscreen SPF50,48,549,1147,10
2025-06-28,F-604 Sunscreen SPF50,52,549,1147,10
2025-06-29,F-604 Sunscreen SPF50,59,549,1147,10
2025-06-30,F-604 Sunscreen SPF50,51,549,1147,10
2025-07-01,F-604 Sunscreen SPF50,52,549,1147,10
2025-07-02,F-604 Sunscreen SPF50,59,549,1147,10
2025-07-03,F-604 Sunscreen SPF50,58,549,1147,10
2025-07-04,F-604 Sunscreen SPF50,53,549,1147,10
2025-07-05,F-604 Sunscreen SPF50,58,549,1147,10
2025-07-06,F-604 Sunscreen SPF50,66,549,1147,10
2025-07-07,F-604 Sunscreen SPF50,66,549,1147,10
2025-07-08,F-604 Sunscreen SPF50,64,549,1147,10
2025-07-09,F-604 Sunscreen SPF50,53,549,1147,10
2025-07-10,F-604 Sunscreen SPF50,48,549,1147,10
2025-07-11,F-604 Sunscreen SPF50,47,549,1147,10
2025-07-12,F-604 Sunscreen SPF50,53,549,1147,10
2025-07-13,F-604 Sunscreen SPF50,58,549,1147,10
2025-07-14,F-604 Sunscreen SPF50,62,549,1147,10
2025-07-15,F-604 Sunscreen SPF50,62,549,1147,10
2025-07-16,F-604 Sunscreen SPF50,64,549,1147,10
2025-07-17,F-604 Sunscreen SPF50,54,549,1147,10
2025-07-18,F-604 Sunscreen SPF50,51,549,1147,10
2025-07-19,F-604 Sunscreen SPF50,52,549,1147,10
2025-07-20,F-604 Sunscreen SPF50,52,549,1147,10
2025-07-21,F-604 Sunscreen SPF50,53,549,1147,10
2025-07-22,F-604 Sunscreen SPF50,65,549,1147,10
2025-07-23,F-604 Sunscreen SPF50,61,549,1147,10
2025-07-24,F-604 Sunscreen SPF50,51,549,1147,10
2025-07-25,F-604 Sunscreen SPF50,46,549,1147,10
2025-07-26,F-604 Sunscreen SPF50,63,549,1147,10
2025-07-27,F-604 Sunscreen SPF50,49,549,1147,10
2025-07-28,F-604 Sunscreen SPF50,57,549,1147,10
2025-07-29,F-604 Sunscreen SPF50,62,549,1147,10
2025-07-30,F-604 Sunscreen SPF50,48,549,1147,10
2025-07-31,F-604 Sunscreen SPF50,51,549,1147,10
2025-08-01,F-604 Sunscreen SPF50,57,549,1147,10
2025-08-02,F-604 Sunscreen SPF50,53,549,1147,10
2025-08-03,F-604 Sunscreen SPF50,56,549,1147,10
2025-08-04,F-604 Sunscreen SPF50,61,549,1147,10
2025-08-05,F-604 Sunscreen SPF50,59,549,1147,10
2025-08-06,F-604 Sunscreen SPF50,61,549,1147,10
2025-08-07,F-604 Sunscreen SPF50,48,549,1147,10
2025-08-08,F-604 Sunscreen SPF50,43,549,1147,10
2025-08-09,F-604 Sunscreen SPF50,47,549,1147,10
2025-08-10,F-604 Sunscreen SPF50,56,549,1147,10
2025-08-11,F-604 Sunscreen SPF50,57,549,1147,10
2025-08-12,F-604 Sunscreen SPF50,60,549,1147,10
2025-08-13,F-604 Sunscreen SPF50,39,549,1147,10
2025-08-14,F-604 Sunscreen SPF50,53,549,1147,10
2025-08-15,F-604 Sunscreen SPF50,55,549,1147,10
2025-08-16,F-604 Sunscreen SPF50,51,549,1147,10
2025-08-17,F-604 Sunscreen SPF50,46,549,1147,10
2025-08-18,F-604 Sunscreen SPF50,47,549,1147,10
2025-08-19,F-604 Sunscreen SPF50,55,549,1147,10
2025-08-20,F-604 Sunscreen SPF50,44,549,1147,10
2025-08-21,F-604 Sunscreen SPF50,48,549,1147,10
2025-08-22,F-604 Sunscreen SPF50,39,549,1147,10
2025-08-23,F-604 Sunscreen SPF50,47,549,1147,10
2025-08-24,F-604 Sunscreen SPF50,53,549,1147,10
2025-08-25,F-604 Sunscreen SPF50,38,549,1147,10
2025-08-26,F-604 Sunscreen SPF50,52,549,1147,10
2025-08-27,F-604 Sunscreen SPF50,43,549,1147,10
2025-08-28,F-604 Sunscreen SPF50,35,549,1147,10
2025-08-29,F-604 Sunscreen SPF50,36,549,1147,10
2025-08-30,F-604 Sunscreen SPF50,38,549,1147,10
2025-08-31,F-604 Sunscreen SPF50,49,549,1147,10
2025-09-01,F-604 Sunscreen SPF50,38,549,1147,10
2025-09-02,F-604 Sunscreen SPF50,53,549,1147,10
2025-09-03,F-604 Sunscreen SPF50,55,549,1147,10
2025-09-04,F-604 Sunscreen SPF50,42,549,1147,10
2025-09-05,F-604 Sunscreen SPF50,39,549,1147,10
2025-09-06,F-604 Sunscreen SPF50,37,549,1147,10
2025-09-07,F-604 Sunscreen SPF50,35,549,1147,10
2025-09-08,F-604 Sunscreen SPF50,47,549,1147,10
2025-09-09,F-604 Sunscreen SPF50,46,549,1147,10
2025-09-10,F-604 Sunscreen SPF50,45,549,1147,10
2025-09-11,F-604 Sunscreen SPF50,48,549,1147,10
2025-09-12,F-604 Sunscreen SPF50,37,549,1147,10
2025-09-13,F-604 Sunscreen SPF50,36,549,1147,10
2025-09-14,F-604 Sunscreen SPF50,45,549,1147,10
2025-09-15,F-604 Sunscreen SPF50,34,549,1147,10
2025-09-16,F-604 Sunscreen SPF50,36,549,1147,10
2025-09-17,F-604 Sunscreen SPF50,37,549,1147,10
2025-09-18,F-604 Sunscreen SPF50,31,549,1147,10
2025-09-19,F-604 Sunscreen SPF50,34,549,1147,10
2025-09-20,F-604 Sunscreen SPF50,31,549,1147,10
2025-09-21,F-604 Sunscreen SPF50,42,549,1147,10
2025-09-22,F-604 Sunscreen SPF50,44,549,1147,10
2025-09-23,F-604 Sunscreen SPF50,41,549,1147,10
2025-09-24,F-604 Sunscreen SPF50,34,549,1147,10
2025-09-25,F-604 Sunscreen SPF50,34,549,1147,10
2025-09-26,F-604 Sunscreen SPF50,32,549,1147,10
2025-09-27,F-604 Sunscreen SPF50,26,549,1147,10
2025-09-28,F-604 Sunscreen SPF50,33,549,1147,10
2025-09-29,F-604 Sunscreen SPF50,37,549,1147,10
2025-09-30,F-604 Sunscreen SPF50,36,549,1147,10
2025-10-01,F-604 Sunscreen SPF50,38,549,1147,10
2025-10-02,F-604 Sunscreen SPF50,33,549,1147,10
2025-10-03,F-604 Sunscreen SPF50,24,549,1147,10
2025-10-04,F-604 Sunscreen SPF50,27,549,1147,10
2025-10-05,F-604 Sunscreen SPF50,26,549,1147,10
2025-10-06,F-604 Sunscreen SPF50,34,549,1147,10
2025-10-07,F-604 Sunscreen SPF50,28,549,1147,10
2025-10-08,F-604 Sunscreen SPF50,33,549,1147,10
2025-10-09,F-604 Sunscreen SPF50,27,549,1147,10
2025-10-10,F-604 Sunscreen SPF50,27,549,1147,10
2025-10-11,F-604 Sunscreen SPF50,24,549,1147,10
2025-10-12,F-604 Sunscreen SPF50,22,549,1147,10
2025-10-13,F-604 Sunscreen SPF50,34,549,1147,10
2025-10-14,F-604 Sunscreen SPF50,28,549,1147,10
2025-10-15,F-604 Sunscreen SPF50,31,549,1147,10
2025-10-16,F-604 Sunscreen SPF50,25,549,1147,10
2025-10-17,F-604 Sunscreen SPF50,23,549,1147,10
2025-10-18,F-604 Sunscreen SPF50,27,549,1147,10
2025-10-19,F-604 Sunscreen SPF50,105,549,1147,10
2025-10-20,F-604 Sunscreen SPF50,127,549,1147,10
2025-10-21,F-604 Sunscreen SPF50,90,549,1147,10
2025-10-22,F-604 Sunscreen SPF50,42,549,1147,10
2025-10-23,F-604 Sunscreen SPF50,33,549,1147,10
2025-10-24,F-604 Sunscreen SPF50,30,549,1147,10
2025-10-25,F-604 Sunscreen SPF50,31,549,1147,10
2025-10-26,F-604 Sunscreen SPF50,35,549,1147,10
2025-10-27,F-604 Sunscreen SPF50,44,549,1147,10
2025-10-28,F-604 Sunscreen SPF50,28,549,1147,10
2025-10-29,F-604 Sunscreen SPF50,34,549,1147,10
2025-10-30,F-604 Sunscreen SPF50,27,549,1147,10
2025-10-31,F-604 Sunscreen SPF50,31,549,1147,10
2025-11-01,F-604 Sunscreen SPF50,17,549,1147,10
2025-11-02,F-604 Sunscreen SPF50,20,549,1147,10
2025-11-03,F-604 Sunscreen SPF50,19,549,1147,10
2025-11-04,F-604 Sunscreen SPF50,22,549,1147,10
2025-11-05,F-604 Sunscreen SPF50,21,549,1147,10
2025-11-06,F-604 Sunscreen SPF50,16,549,1147,10
2025-11-07,F-604 Sunscreen SPF50,15,549,1147,10
2025-11-08,F-604 Sunscreen SPF50,13,549,1147,10
2025-11-09,F-604 Sunscreen SPF50,17,549,1147,10
2025-11-10,F-604 Sunscreen SPF50,20,549,1147,10
2025-11-11,F-604 Sunscreen SPF50,17,549,1147,10
2025-11-12,F-604 Sunscreen SPF50,19,549,1147,10
2025-11-13,F-604 Sunscreen SPF50,11,549,1147,10
2025-11-14,F-604 Sunscreen SPF50,11,549,1147,10
2025-11-15,F-604 Sunscreen SPF50,12,549,1147,10
2025-11-16,F-604 Sunscreen SPF50,14,549,1147,10
2025-11-17,F-604 Sunscreen SPF50,16,549,1147,10
2025-11-18,F-604 Sunscreen SPF50,16,549,1147,10
2025-11-19,F-604 Sunscreen SPF50,15,549,1147,10
2025-11-20,F-604 Sunscreen SPF50,15,549,1147,10
2025-11-21,F-604 Sunscreen SPF50,12,549,1147,10
2025-11-22,F-604 Sunscreen SPF50,11,549,1147,10
2025-11-23,F-604 Sunscreen SPF50,12,549,1147,10
2025-11-24,F-604 Sunscreen SPF50,18,549,1147,10
2025-11-25,F-604 Sunscreen SPF50,11,549,1147,10
2025-11-26,F-604 Sunscreen SPF50,13,549,1147,10
2025-11-27,F-604 Sunscreen SPF50,14,549,1147,10
2025-11-28,F-604 Sunscreen SPF50,12,549,1147,10
2025-11-29,F-604 Sunscreen SPF50,10,549,1147,10
2025-11-30,F-604 Sunscreen SPF50,12,549,1147,10
2025-12-01,F-604 Sunscreen SPF50,15,549,1147,10
2025-12-02,F-604 Sunscreen SPF50,16,549,1147,10
2025-12-03,F-604 Sunscreen SPF50,11,549,1147,10
2025-12-04,F-604 Sunscreen SPF50,12,549,1147,10
2025-12-05,F-604 Sunscreen SPF50,11,549,1147,10
2025-12-06,F-604 Sunscreen SPF50,12,549,1147,10
2025-12-07,F-604 Sunscreen SPF50,14,549,1147,10
2025-12-08,F-604 Sunscreen SPF50,12,549,1147,10
2025-12-09,F-604 Sunscreen SPF50,11,549,1147,10
2025-12-10,F-604 Sunscreen SPF50,13,549,1147,10
2025-12-11,F-604 Sunscreen SPF50,13,549,1147,10
2025-12-12,F-604 Sunscreen SPF50,11,549,1147,10
2025-12-13,F-604 Sunscreen SPF50,10,549,1147,10
2025-12-14,F-604 Sunscreen SPF50,14,549,1147,10
2025-12-15,F-604 Sunscreen SPF50,11,549,1147,10
2025-12-16,F-604 Sunscreen SPF50,14,549,1147,10
2025-12-17,F-604 Sunscreen SPF50,11,549,1147,10
2025-12-18,F-604 Sunscreen SPF50,11,549,1147,10
2025-12-19,F-604 Sunscreen SPF50,10,549,1147,10
2025-12-20,F-604 Sunscreen SPF50,12,549,1147,10
2025-12-21,F-604 Sunscreen SPF50,10,549,1147,10
2025-12-22,F-604 Sunscreen SPF50,11,549,1147,10
2025-12-23,F-604 Sunscreen SPF50,10,549,1147,10
2025-12-24,F-604 Sunscreen SPF50,12,549,1147,10
2025-12-25,F-604 Sunscreen SPF50,10,549,1147,10
2025-12-26,F-604 Sunscreen SPF50,10,549,1147,10
2025-12-27,F-604 Sunscreen SPF50,9,549,1147,10
2025-12-28,F-604 Sunscreen SPF50,11,549,1147,10
2025-12-29,F-604 Sunscreen SPF50,14,549,1147,10
2025-12-30,F-604 Sunscreen SPF50,13,549,1147,10
2025-12-31,F-604 Sunscreen SPF50,13,549,1147,10
2026-01-01,F-604 Sunscreen SPF50,12,549,1147,10
2026-01-02,F-604 Sunscreen SPF50,10,549,1147,10
2026-01-03,F-604 Sunscreen SPF50,9,549,1147,10
2026-01-04,F-604 Sunscreen SPF50,13,549,1147,10
2026-01-05,F-604 Sunscreen SPF50,14,549,1147,10
2026-01-06,F-604 Sunscreen SPF50,15,549,1147,10
2026-01-07,F-604 Sunscreen SPF50,10,549,1147,10
2026-01-08,F-604 Sunscreen SPF50,10,549,1147,10
2026-01-09,F-604 Sunscreen SPF50,8,549,1147,10
2026-01-10,F-604 Sunscreen SPF50,10,549,1147,10
2026-01-11,F-604 Sunscreen SPF50,15,549,1147,10
2026-01-12,F-604 Sunscreen SPF50,15,549,1147,10
2026-01-13,F-604 Sunscreen SPF50,15,549,1147,10
2026-01-14,F-604 Sunscreen SPF50,14,549,1147,10
2026-01-15,F-604 Sunscreen SPF50,14,549,1147,10
2026-01-16,F-604 Sunscreen SPF50,12,549,1147,10
2026-01-17,F-604 Sunscreen SPF50,13,549,1147,10
2026-01-18,F-604 Sunscreen SPF50,15,549,1147,10
2026-01-19,F-604 Sunscreen SPF50,12,549,1147,10
2026-01-20,F-604 Sunscreen SPF50,16,549,1147,10
2026-01-21,F-604 Sunscreen SPF50,18,549,1147,10
2026-01-22,F-604 Sunscreen SPF50,14,549,1147,10
2026-01-23,F-604 Sunscreen SPF50,14,549,1147,10
2026-01-24,F-604 Sunscreen SPF50,13,549,1147,10
2026-01-25,F-604 Sunscreen SPF50,15,549,1147,10
2026-01-26,F-604 Sunscreen SPF50,20,549,1147,10
2026-01-27,F-604 Sunscreen SPF50,18,549,1147,10
2026-01-28,F-604 Sunscreen SPF50,16,549,1147,10
2026-01-29,F-604 Sunscreen SPF50,10,549,1147,10
2026-01-30,F-604 Sunscreen SPF50,14,549,1147,10
2026-01-31,F-604 Sunscreen SPF50,12,549,1147,10
2026-02-01,F-604 Sunscreen SPF50,14,549,1147,10
2026-02-02,F-604 Sunscreen SPF50,22,549,1147,10
2026-02-03,F-604 Sunscreen SPF50,23,549,1147,10
2026-02-04,F-604 Sunscreen SPF50,15,549,1147,10
2026-02-05,F-604 Sunscreen SPF50,20,549,1147,10
2026-02-06,F-604 Sunscreen SPF50,18,549,1147,10
2026-02-07,F-604 Sunscreen SPF50,17,549,1147,10
2026-02-08,F-604 Sunscreen SPF50,22,549,1147,10
2026-02-09,F-604 Sunscreen SPF50,18,549,1147,10
2026-02-10,F-604 Sunscreen SPF50,20,549,1147,10
2026-02-11,F-604 Sunscreen SPF50,19,549,1147,10
2026-02-12,F-604 Sunscreen SPF50,18,549,1147,10
2026-02-13,F-604 Sunscreen SPF50,22,549,1147,10
2026-02-14,F-604 Sunscreen SPF50,17,549,1147,10
2026-02-15,F-604 Sunscreen SPF50,20,549,1147,10
2026-02-16,F-604 Sunscreen SPF50,23,549,1147,10
2026-02-17,F-604 Sunscreen SPF50,72,549,1147,10
2026-02-18,F-604 Sunscreen SPF50,65,549,1147,10
2026-02-19,F-604 Sunscreen SPF50,68,549,1147,10
2026-02-20,F-604 Sunscreen SPF50,20,549,1147,10
2026-02-21,F-604 Sunscreen SPF50,20,549,1147,10
2026-02-22,F-604 Sunscreen SPF50,24,549,1147,10
2026-02-23,F-604 Sunscreen SPF50,29,549,1147,10
2026-02-24,F-604 Sunscreen SPF50,27,549,1147,10
2026-02-25,F-604 Sunscreen SPF50,30,549,1147,10
2026-02-26,F-604 Sunscreen SPF50,32,549,1147,10
2026-02-27,F-604 Sunscreen SPF50,23,549,1147,10
2026-02-28,F-604 Sunscreen SPF50,26,549,1147,10
2026-03-01,F-604 Sunscreen SPF50,34,549,1147,10
2026-03-02,F-604 Sunscreen SPF50,30,549,1147,10
2026-03-03,F-604 Sunscreen SPF50,30,549,1147,10
2026-03-04,F-604 Sunscreen SPF50,28,549,1147,10
2026-03-05,F-604 Sunscreen SPF50,30,549,1147,10
2026-03-06,F-604 Sunscreen SPF50,29,549,1147,10
2026-03-07,F-604 Sunscreen SPF50,28,549,1147,10
2026-03-08,F-604 Sunscreen SPF50,32,549,1147,10
2026-03-09,F-604 Sunscreen SPF50,41,549,1147,10
2026-03-10,F-604 Sunscreen SPF50,41,549,1147,10
2026-03-11,F-604 Sunscreen SPF50,4,549,1147,10
2026-03-12,F-604 Sunscreen SPF50,4,549,1147,10
2026-03-13,F-604 Sunscreen SPF50,31,549,1147,10
2026-03-14,F-604 Sunscreen SPF50,34,549,1147,10
2026-03-15,F-604 Sunscreen SPF50,34,549,1147,10
2026-03-16,F-604 Sunscreen SPF50,36,549,1147,10
2026-03-17,F-604 Sunscreen SPF50,38,549,1147,10
2026-03-18,F-604 Sunscreen SPF50,30,549,1147,10
2026-03-19,F-604 Sunscreen SPF50,35,549,1147,10
2026-03-20,F-604 Sunscreen SPF50,31,549,1147,10
2026-03-21,F-604 Sunscreen SPF50,36,549,1147,10
2026-03-22,F-604 Sunscreen SPF50,34,549,1147,10
2026-03-23,F-604 Sunscreen SPF50,40,549,1147,10
2026-03-24,F-604 Sunscreen SPF50,39,549,1147,10
2026-03-25,F-604 Sunscreen SPF50,37,549,1147,10
2026-03-26,F-604 Sunscreen SPF50,41,549,1147,10
2026-03-27,F-604 Sunscreen SPF50,34,549,1147,10
2026-03-28,F-604 Sunscreen SPF50,39,549,1147,10
2026-03-29,F-604 Sunscreen SPF50,36,549,1147,10
2026-03-30,F-604 Sunscreen SPF50,47,549,1147,10
2026-03-31,F-604 Sunscreen SPF50,38,549,1147,10
2026-04-01,F-604 Sunscreen SPF50,43,549,1147,10
2026-04-02,F-604 Sunscreen SPF50,39,549,1147,10
2026-04-03,F-604 Sunscreen SPF50,42,549,1147,10
2026-04-04,F-604 Sunscreen SPF50,41,549,1147,10
2026-04-05,F-604 Sunscreen SPF50,44,549,1147,10
2026-04-06,F-604 Sunscreen SPF50,55,549,1147,10
2026-04-07,F-604 Sunscreen SPF50,52,549,1147,10
2026-04-08,F-604 Sunscreen SPF50,52,549,1147,10
2026-04-09,F-604 Sunscreen SPF50,48,549,1147,10
2026-04-10,F-604 Sunscreen SPF50,41,549,1147,10
2026-04-11,F-604 Sunscreen SPF50,42,549,1147,10
2026-04-12,F-604 Sunscreen SPF50,50,549,1147,10
2026-04-13,F-604 Sunscreen SPF50,50,549,1147,10
2026-04-14,F-604 Sunscreen SPF50,57,549,1147,10
2026-04-15,F-604 Sunscreen SPF50,59,549,1147,10
2026-04-16,F-604 Sunscreen SPF50,52,549,1147,10
2026-04-17,F-604 Sunscreen SPF50,42,549,1147,10
2026-04-18,F-604 Sunscreen SPF50,39,549,1147,10
2026-04-19,F-604 Sunscreen SPF50,51,549,1147,10
2026-04-20,F-604 Sunscreen SPF50,56,549,1147,10
2026-04-21,F-604 Sunscreen SPF50,66,549,1147,10
2026-04-22,F-604 Sunscreen SPF50,53,549,1147,10
2026-04-23,F-604 Sunscreen SPF50,49,549,1147,10
2026-04-24,F-604 Sunscreen SPF50,51,549,1147,10
2026-04-25,F-604 Sunscreen SPF50,46,549,1147,10
2026-04-26,F-604 Sunscreen SPF50,53,549,1147,10
2026-04-27,F-604 Sunscreen SPF50,72,549,1147,10
2026-04-28,F-604 Sunscreen SPF50,72,549,1147,10
2026-04-29,F-604 Sunscreen SPF50,63,549,1147,10
2026-04-30,F-604 Sunscreen SPF50,54,549,1147,10
2026-05-01,F-604 Sunscreen SPF50,44,549,1147,10
2026-05-02,F-604 Sunscreen SPF50,55,549,1147,10
2026-05-03,F-604 Sunscreen SPF50,57,549,1147,10
2026-05-04,F-604 Sunscreen SPF50,64,549,1147,10
2026-05-05,F-604 Sunscreen SPF50,60,549,1147,10
2026-05-06,F-604 Sunscreen SPF50,61,549,1147,10
2026-05-07,F-604 Sunscreen SPF50,54,549,1147,10
2026-05-08,F-604 Sunscreen SPF50,54,549,1147,10
2026-05-09,F-604 Sunscreen SPF50,62,549,1147,10
2026-05-10,F-604 Sunscreen SPF50,62,549,1147,10
2026-05-11,F-604 Sunscreen SPF50,52,549,1147,10
2026-05-12,F-604 Sunscreen SPF50,59,549,1147,10
2026-05-13,F-604 Sunscreen SPF50,51,549,1147,10
2026-05-14,F-604 Sunscreen SPF50,52,549,1147,10
2026-05-15,F-604 Sunscreen SPF50,57,549,1147,10
2026-05-16,F-604 Sunscreen SPF50,58,549,1147,10
2026-05-17,F-604 Sunscreen SPF50,57,549,1147,10
2026-05-18,F-604 Sunscreen SPF50,70,549,1147,10
2026-05-19,F-604 Sunscreen SPF50,63,549,1147,10
2026-05-20,F-604 Sunscreen SPF50,54,549,1147,10
2026-05-21,F-604 Sunscreen SPF50,49,549,1147,10
2026-05-22,F-604 Sunscreen SPF50,151,549,1147,10
2026-05-23,F-604 Sunscreen SPF50,203,549,1147,10
2026-05-24,F-604 Sunscreen SPF50,479,549,1147,10
2026-05-25,F-604 Sunscreen SPF50,236,549,1147,10
2026-05-26,F-604 Sunscreen SPF50,244,549,1147,10
2026-05-27,F-604 Sunscreen SPF50,66,549,1147,10
2026-05-28,F-604 Sunscreen SPF50,60,549,1147,10
2026-05-29,F-604 Sunscreen SPF50,52,549,1147,10
2026-05-30,F-604 Sunscreen SPF50,58,549,1147,10
2026-05-31,F-604 Sunscreen SPF50,70,549,1147,10
2026-06-01,F-604 Sunscreen SPF50,8,549,1147,10
2026-06-02,F-604 Sunscreen SPF50,10,549,1147,10
2026-06-03,F-604 Sunscreen SPF50,78,549,1147,10
2026-06-04,F-604 Sunscreen SPF50,64,549,1147,10
2026-06-05,F-604 Sunscreen SPF50,60,549,1147,10
2026-06-06,F-604 Sunscreen SPF50,59,549,1147,10
2026-06-07,F-604 Sunscreen SPF50,68,549,1147,10
2026-06-08,F-604 Sunscreen SPF50,62,549,1147,10
2026-06-09,F-604 Sunscreen SPF50,77,549,1147,10
2026-06-10,F-604 Sunscreen SPF50,71,549,1147,10
2026-06-11,F-604 Sunscreen SPF50,56,549,1147,10
2026-06-12,F-604 Sunscreen SPF50,74,549,1147,10
2026-06-13,F-604 Sunscreen SPF50,53,549,1147,10
2026-06-14,F-604 Sunscreen SPF50,59,549,1147,10
2026-06-15,F-604 Sunscreen SPF50,75,549,1147,10
2026-06-16,F-604 Sunscreen SPF50,57,549,1147,10
2026-06-17,F-604 Sunscreen SPF50,63,549,1147,10
2026-06-18,F-604 Sunscreen SPF50,52,549,1147,10
2026-06-19,F-604 Sunscreen SPF50,52,549,1147,10
2026-06-20,F-604 Sunscreen SPF50,59,549,1147,10
2026-06-21,F-604 Sunscreen SPF50,69,549,1147,10
2026-06-22,F-604 Sunscreen SPF50,83,549,1147,10
2026-06-23,F-604 Sunscreen SPF50,82,549,1147,10
2026-06-24,F-604 Sunscreen SPF50,80,549,1147,10
2026-06-25,F-604 Sunscreen SPF50,68,549,1147,10
2026-06-26,F-604 Sunscreen SPF50,56,549,1147,10
2026-06-27,F-604 Sunscreen SPF50,69,549,1147,10
2026-06-28,F-604 Sunscreen SPF50,63,549,1147,10
2026-06-29,F-604 Sunscreen SPF50,67,549,1147,10
2026-06-30,F-604 Sunscreen SPF50,88,549,1147,10
2026-07-01,F-604 Sunscreen SPF50,77,549,1147,10
2026-07-02,F-604 Sunscreen SPF50,65,549,1147,10
2026-07-03,F-604 Sunscreen SPF50,64,549,1147,10
2026-07-04,F-604 Sunscreen SPF50,66,549,1147,10
2026-07-05,F-604 Sunscreen SPF50,55,549,1147,10
2026-07-06,F-604 Sunscreen SPF50,71,549,1147,10
2026-07-07,F-604 Sunscreen SPF50,63,549,1147,10
2026-07-08,F-604 Sunscreen SPF50,70,549,1147,10
2026-07-09,F-604 Sunscreen SPF50,57,549,1147,10
2026-07-10,F-604 Sunscreen SPF50,67,549,1147,10
2026-07-11,F-604 Sunscreen SPF50,63,549,1147,10
2026-07-12,F-604 Sunscreen SPF50,59,549,1147,10
2026-07-13,F-604 Sunscreen SPF50,71,549,1147,10
2026-07-14,F-604 Sunscreen SPF50,62,549,1147,10
2026-07-15,F-604 Sunscreen SPF50,69,549,1147,10
2026-07-16,F-604 Sunscreen SPF50,65,549,1147,10
2026-07-17,F-604 Sunscreen SPF50,59,549,1147,10
2026-07-18,F-604 Sunscreen SPF50,45,549,1147,10
2026-07-19,F-604 Sunscreen SPF50,61,549,1147,10
2026-07-20,F-604 Sunscreen SPF50,74,549,1147,10
2026-07-21,F-604 Sunscreen SPF50,74,549,1147,10
2026-07-22,F-604 Sunscreen SPF50,76,549,1147,10
2026-07-23,F-604 Sunscreen SPF50,51,549,1147,10
2026-07-24,F-604 Sunscreen SPF50,59,549,1147,10
2026-07-25,F-604 Sunscreen SPF50,52,549,1147,10
2026-07-26,F-604 Sunscreen SPF50,64,549,1147,10
2026-07-27,F-604 Sunscreen SPF50,71,549,1147,10
2026-07-28,F-604 Sunscreen SPF50,75,549,1147,10
2026-07-29,F-604 Sunscreen SPF50,60,549,1147,10
2026-07-30,F-604 Sunscreen SPF50,59,549,1147,10
2026-07-31,F-604 Sunscreen SPF50,46,549,1147,10
2026-08-01,F-604 Sunscreen SPF50,46,549,1147,10
2026-08-02,F-604 Sunscreen SPF50,65,549,1147,10
2026-08-03,F-604 Sunscreen SPF50,65,549,1147,10
2026-08-04,F-604 Sunscreen SPF50,54,549,1147,10
2026-08-05,F-604 Sunscreen SPF50,5,549,1147,10
2026-08-06,F-604 Sunscreen SPF50,5,549,1147,10
2026-08-07,F-604 Sunscreen SPF50,62,549,1147,10
2026-08-08,F-604 Sunscreen SPF50,60,549,1147,10
2026-08-09,F-604 Sunscreen SPF50,64,549,1147,10
2026-08-10,F-604 Sunscreen SPF50,50,549,1147,10
2026-08-11,F-604 Sunscreen SPF50,64,549,1147,10
2026-08-12,F-604 Sunscreen SPF50,64,549,1147,10
2026-08-13,F-604 Sunscreen SPF50,56,549,1147,10
2026-08-14,F-604 Sunscreen SPF50,52,549,1147,10
2026-08-15,F-604 Sunscreen SPF50,49,549,1147,10
2026-08-16,F-604 Sunscreen SPF50,68,549,1147,10
2026-08-17,F-604 Sunscreen SPF50,71,549,1147,10
2026-08-18,F-604 Sunscreen SPF50,61,549,1147,10
2026-08-19,F-604 Sunscreen SPF50,51,549,1147,10
2026-08-20,F-604 Sunscreen SPF50,64,549,1147,10
2026-08-21,F-604 Sunscreen SPF50,44,549,1147,10
2026-08-22,F-604 Sunscreen SPF50,55,549,1147,10
2026-08-23,F-604 Sunscreen SPF50,65,549,1147,10
2026-08-24,F-604 Sunscreen SPF50,51,549,1147,10
2026-08-25,F-604 Sunscreen SPF50,60,549,1147,10
2026-08-26,F-604 Sunscreen SPF50,52,549,1147,10
2026-08-27,F-604 Sunscreen SPF50,52,549,1147,10
2026-08-28,F-604 Sunscreen SPF50,47,549,1147,10
2026-08-29,F-604 Sunscreen SPF50,56,549,1147,10
2026-08-30,F-604 Sunscreen SPF50,54,549,1147,10
2026-08-31,F-604 Sunscreen SPF50,54,549,1147,10
2026-09-01,F-604 Sunscreen SPF50,62,549,1147,10
2026-09-02,F-604 Sunscreen SPF50,49,549,1147,10
2026-09-03,F-604 Sunscreen SPF50,44,549,1147,10
2026-09-04,F-604 Sunscreen SPF50,54,549,1147,10
2026-09-05,F-604 Sunscreen SPF50,39,549,1147,10
2026-09-06,F-604 Sunscreen SPF50,44,549,1147,10
2026-09-07,F-604 Sunscreen SPF50,51,549,1147,10
2026-09-08,F-604 Sunscreen SPF50,45,549,1147,10
2026-09-09,F-604 Sunscreen SPF50,36,549,1147,10
2026-09-10,F-604 Sunscreen SPF50,48,549,1147,10
2026-09-11,F-604 Sunscreen SPF50,36,549,1147,10
2026-09-12,F-604 Sunscreen SPF50,37,549,1147,10
2026-09-13,F-604 Sunscreen SPF50,42,549,1147,10
2026-09-14,F-604 Sunscreen SPF50,42,549,1147,10
2026-09-15,F-604 Sunscreen SPF50,41,549,1147,10
2026-09-16,F-604 Sunscreen SPF50,45,549,1147,10
2026-09-17,F-604 Sunscreen SPF50,51,549,1147,10
